"","date","location.latitude","location.longitude","temperatures.max","temperatures.min","precipitation.amount","solar.amount","relativeHumidity.max","relativeHumidity.min","wind.morningMax","wind.dayMax","wind.average"
"1","2016-01-01",17.4234371,78.416275,31.5200004577637,16,0,5316.21826171875,74.5400009155273,23.5100002288818,2.87493896484375,3.32871556282043,4.10593223571777
"2","2016-01-02",17.4234371,78.416275,31.8199996948242,17.2600002288818,0,5573.23291015625,74.4000015258789,18.1599998474121,3.81773734092712,3.50272083282471,2.67875361442566
"3","2016-01-03",17.4234371,78.416275,32.2200012207031,16.1499996185303,0,4576.0087890625,71.7600021362305,16.2099990844727,2.94596004486084,3.00273513793945,1.11192619800568
"4","2016-01-04",17.4234371,78.416275,30.7700004577637,15.9300003051758,0,4609.07470703125,72.5999984741211,24.8999996185303,3.12738561630249,3.90266680717468,3.07355785369873
"5","2016-01-05",17.4234371,78.416275,29.9200000762939,16.2800006866455,0,5068.119140625,84.4300003051758,26.5900001525879,3.16417908668518,3.72019171714783,3.73057579994202
"6","2016-01-06",17.4234371,78.416275,29.8299999237061,15.7799997329712,0,4881.544921875,84.0400009155273,25.3099994659424,3.31099987030029,3.44384479522705,3.51667761802673
"7","2016-01-07",17.4234371,78.416275,29.6200008392334,16.1299991607666,0,5074.830078125,90.1600036621094,26.1100006103516,4.54668807983398,4.54668807983398,4.14364433288574
"8","2016-01-08",17.4234371,78.416275,30.0100002288818,14.8599996566772,0,5008.25,79.1399993896484,22.1900005340576,3.24998116493225,4.20302057266235,2.97633004188538
"9","2016-01-09",17.4234371,78.416275,30.8899993896484,15.2700004577637,0,4898.1865234375,71.3600006103516,16.0599994659424,3.27549171447754,3.30087518692017,1.1496376991272
"10","2016-01-10",17.4234371,78.416275,30.2800006866455,15.1000003814697,0,5618.232421875,61.8800010681152,19.2600002288818,3.83470225334167,3.86614513397217,2.18407559394836
"11","2016-01-11",17.4234371,78.416275,30.1399993896484,14.1999998092651,0,6021.15625,68.9499969482422,22.8700008392334,3.70057654380798,3.69525742530823,2.09951710700989
"12","2016-01-12",17.4234371,78.416275,29.9699993133545,16.1100006103516,0,4648.12744140625,78.5400009155273,20.5699996948242,2.94404983520508,3.02472257614136,2.57858419418335
"13","2016-01-13",17.4234371,78.416275,30.1000003814697,14.8599996566772,0,5105.26904296875,73.5500030517578,21.8799991607666,2.82426524162292,2.99265146255493,4.15542984008789
"14","2016-01-14",17.4234371,78.416275,30.3999996185303,16.1200008392334,0,5335.36962890625,80.8499984741211,23.4799995422363,3.63533592224121,4.0821099281311,4.6716194152832
"15","2016-01-15",17.4234371,78.416275,30.0100002288818,18.1100006103516,0,5024.67236328125,84.25,31.2800006866455,3.62915015220642,4.01817560195923,4.72052717208862
"16","2016-01-16",17.4234371,78.416275,30.4500007629395,16.4500007629395,0,4699.095703125,80.129997253418,25.4500007629395,3.28816366195679,3.39584112167358,4.33927726745605
"17","2016-01-17",17.4234371,78.416275,30.6000003814697,18.2700004577637,0,5163.2470703125,81.2699966430664,23.5599994659424,3.31799626350403,4.02490282058716,4.00576019287109
"18","2016-01-18",17.4234371,78.416275,30.8700008392334,18.1399993896484,0,4652.57080078125,93.3499984741211,48.8400001525879,3.40009784698486,3.6736421585083,4.49837875366211
"19","2016-01-19",17.4234371,78.416275,28.1299991607666,20.4400005340576,0,3645.388671875,77.1699981689453,46.8800010681152,3.57320785522461,4.79927396774292,2.10127902030945
"20","2016-01-20",17.4234371,78.416275,27.9599990844727,19.1100006103516,0,3072.67065429688,86.7200012207031,41.6399993896484,1.94053471088409,3.01600503921509,1.48197710514069
"21","2016-01-21",17.4234371,78.416275,27.8999996185303,16.1599998474121,0,5096.4619140625,80.75,31.9899997711182,3.63001251220703,3.66937613487244,4.84427261352539
"22","2016-01-22",17.4234371,78.416275,28.1599998474121,15.5,0,4215.48291015625,82.8000030517578,23.8500003814697,5.1536922454834,5.25133514404297,4.96506786346436
"23","2016-01-23",17.4234371,78.416275,28.7800006866455,14.1599998474121,0,4931.38232421875,57.5099983215332,30.2800006866455,3.85708260536194,3.93334889411926,4.50839471817017
"24","2016-01-24",17.4234371,78.416275,30.0200004577637,16.2800006866455,0,4985.74658203125,81.4800033569336,32.1800003051758,3.39316248893738,3.45605993270874,3.88790893554688
"25","2016-01-25",17.4234371,78.416275,29.8899993896484,18.0599994659424,0,4325.8125,78.4000015258789,35.2999992370605,2.89459276199341,3.62187361717224,3.47189450263977
"26","2016-01-26",17.4234371,78.416275,31.3199996948242,18.6499996185303,0,4609.62744140625,79.3000030517578,32.4900016784668,2.77748203277588,3.26118946075439,4.09414672851562
"27","2016-01-27",17.4234371,78.416275,32.7900009155273,19.3099994659424,0,4989.47802734375,81.5899963378906,31.2999992370605,3.67315292358398,3.7396559715271,2.48312282562256
"28","2016-01-28",17.4234371,78.416275,33.6599998474121,17.8400001525879,0,5279.1318359375,89.7399978637695,14.6499996185303,2.44496941566467,3.27406167984009,1.9480756521225
"29","2016-01-29",17.4234371,78.416275,33.1399993896484,16.8500003814697,0,5969.21533203125,85.4000015258789,25.7600002288818,3.90301012992859,4.91727828979492,3.88791084289551
"30","2016-01-30",17.4234371,78.416275,34.0099983215332,17.5300006866455,0,6045.10986328125,64.6699981689453,19.5599994659424,3.62191438674927,3.85805940628052,3.65456390380859
"31","2016-01-31",17.4234371,78.416275,35.2799987792969,17.5599994659424,0,5857.15673828125,75.1600036621094,15.1300001144409,2.63945603370667,3.57857131958008,2.76360940933228
"32","2016-02-01",17.4234371,78.416275,36.2599983215332,18.4899997711182,0,5074.23486328125,88.6600036621094,14.3199996948242,3.15202713012695,3.36668181419373,2.2945613861084
"33","2016-02-02",17.4234371,78.416275,35.6599998474121,19.3299999237061,0,3731.80517578125,80.7600021362305,15.3299999237061,3.49667167663574,3.75268959999084,1.66877269744873
"34","2016-02-03",17.4234371,78.416275,35.1100006103516,18.3500003814697,0,5478.21923828125,71.6699981689453,15.3299999237061,2.39093112945557,3.66068363189697,1.1537584066391
"35","2016-02-04",17.4234371,78.416275,34.2999992370605,18.3099994659424,0,6199.0107421875,70.6399993896484,20.9099998474121,2.71512126922607,3.40787625312805,3.43713092803955
"36","2016-02-05",17.4234371,78.416275,32.9099998474121,18.4500007629395,0,5233.44091796875,71.5599975585938,26.2399997711182,3.9377543926239,4.04573822021484,3.72527503967285
"37","2016-02-06",17.4234371,78.416275,33.0099983215332,19.4799995422363,0,5540.3759765625,92.2600021362305,22.8299999237061,3.97344541549683,4.03009653091431,4.34634876251221
"38","2016-02-07",17.4234371,78.416275,33.5499992370605,21.6000003814697,0,5470.9560546875,76.3300018310547,29.1399993896484,3.813809633255,4.78022861480713,3.27272486686707
"39","2016-02-08",17.4234371,78.416275,32.8699989318848,20.7999992370605,0,5173.443359375,78.9300003051758,30.9599990844727,3.43523550033569,4.23428297042847,4.08413124084473
"40","2016-02-09",17.4234371,78.416275,33.7200012207031,20.75,0,5556.26708984375,78.7600021362305,26.5900001525879,2.87526440620422,3.59292888641357,3.24031567573547
"41","2016-02-10",17.4234371,78.416275,34.7200012207031,20.6599998474121,0,5347.13134765625,72.1699981689453,23.25,3.85042214393616,3.97130632400513,2.574458360672
"42","2016-02-11",17.4234371,78.416275,33.8400001525879,22.2700004577637,0,5363.47705078125,79.1999969482422,28.3899993896484,4.23506736755371,4.37300491333008,2.96395134925842
"43","2016-02-12",17.4234371,78.416275,34.6100006103516,22.2999992370605,0,5344.7158203125,87.6600036621094,27.3700008392334,2.71883726119995,3.15109872817993,2.28454566001892
"44","2016-02-13",17.4234371,78.416275,34.810001373291,21.6200008392334,0,5769.6357421875,77.3600006103516,23.4300003051758,3.086345911026,3.89142942428589,2.26156163215637
"45","2016-02-14",17.4234371,78.416275,33.9799995422363,21.7399997711182,0,5637.69677734375,88.9400024414062,28.9500007629395,2.80253267288208,3.4972095489502,4.23851680755615
"46","2016-02-15",17.4234371,78.416275,33.2700004577637,20.2800006866455,0,5860.09765625,66.629997253418,23.6299991607666,5.33547639846802,5.42106533050537,5.44825649261475
"47","2016-02-16",17.4234371,78.416275,32.5800018310547,19.1900005340576,0,4700.15283203125,96.4199981689453,26.2999992370605,4.59158372879028,4.70756196975708,6.03810167312622
"48","2016-02-17",17.4234371,78.416275,33.3499984741211,17.3299999237061,0,5474.482421875,65.3499984741211,21.6599998474121,5.15869426727295,5.2673807144165,6.03250360488892
"49","2016-02-18",17.4234371,78.416275,34.3499984741211,19.2099990844727,0,6105.28466796875,78.5800018310547,19.1800003051758,4.76399993896484,5.02109670639038,5.23023223876953
"50","2016-02-19",17.4234371,78.416275,34.9900016784668,17.2199993133545,0,5846.8955078125,64.2799987792969,14.1199998855591,4.29034185409546,4.33129644393921,4.29154777526855
"51","2016-02-20",17.4234371,78.416275,36.1599998474121,19.1800003051758,0,5257.431640625,65.25,14.1199998855591,2.6806845664978,3.22420191764832,2.63927507400513
"52","2016-02-21",17.4234371,78.416275,38.0900001525879,20.6599998474121,0,5544.2783203125,92.620002746582,12.3999996185303,2.79440975189209,2.91692090034485,1.33760869503021
"53","2016-02-22",17.4234371,78.416275,38.1199989318848,22.3400001525879,0,6324.484375,65.370002746582,19.0799999237061,3.34159255027771,3.85686731338501,1.5797952413559
"54","2016-02-23",17.4234371,78.416275,37.560001373291,22.8400001525879,0,5275.32373046875,86.4400024414062,21.6700000762939,3.15481066703796,4.88240051269531,2.18554902076721
"55","2016-02-24",17.4234371,78.416275,37.060001373291,22.5499992370605,0,5681.822265625,76.1100006103516,27.9699993133545,3.69345593452454,4.37839126586914,3.22853231430054
"56","2016-02-25",17.4234371,78.416275,36.689998626709,22.3199996948242,0,6030.3603515625,78,23.3199996948242,2.99594140052795,3.77199411392212,4.14718246459961
"57","2016-02-26",17.4234371,78.416275,33.189998626709,23.5100002288818,0,5556.08349609375,69.4700012207031,37.3199996948242,4.07124614715576,4.31490612030029,5.58908939361572
"58","2016-02-27",17.4234371,78.416275,34.3899993896484,23.2099990844727,0,4865.19775390625,90.8600006103516,28.7700004577637,3.74208950996399,4.12880945205688,5.04284715652466
"59","2016-02-28",17.4234371,78.416275,33.7700004577637,22.9799995422363,0,5986.44921875,87.1100006103516,31.0499992370605,3.45498704910278,4.22927570343018,5.64389228820801
"60","2016-02-29",17.4234371,78.416275,34.310001373291,22.5100002288818,0,5693.39794921875,82.0500030517578,30.4300003051758,3.39178037643433,3.51893186569214,5.22374725341797
"61","2016-03-01",17.4234371,78.416275,33.189998626709,21.5400009155273,0.699999988079071,6255.51708984375,82.8199996948242,33.4599990844727,4.01323366165161,4.21215438842773,5.33452796936035
"62","2016-03-02",17.4234371,78.416275,33.439998626709,22.8600006103516,0.685057461261749,5273.95361328125,86.9700012207031,30.1900005340576,3.3997061252594,4.05408382415771,4.46066236495972
"63","2016-03-03",17.4234371,78.416275,33.4900016784668,22.2199993133545,0.342764526605606,6222.298828125,68.8099975585938,30.5699996948242,3.08173084259033,3.63510370254517,4.42236375808716
"64","2016-03-04",17.4234371,78.416275,34.7999992370605,22.7600002288818,0,6431.69384765625,88.8199996948242,28.4599990844727,2.68372130393982,3.77549624443054,3.26859998703003
"65","2016-03-05",17.4234371,78.416275,35.3899993896484,22.4500007629395,0,6120.34814453125,81.8000030517578,19.9300003051758,3.05903768539429,3.33938694000244,1.6233993768692
"66","2016-03-06",17.4234371,78.416275,36.8699989318848,22.4500007629395,0,7164.75927734375,72.2900009155273,13.2299995422363,3.69622993469238,4.34791707992554,4.71080636978149
"67","2016-03-07",17.4234371,78.416275,35.9199981689453,22.75,0,6496.12646484375,61.3199996948242,14,3.10392761230469,4.72749996185303,4.91763162612915
"68","2016-03-08",17.4234371,78.416275,36.3899993896484,21.25,0,6887.47119140625,65.4000015258789,14.6999998092651,3.26620602607727,3.50457835197449,4.05113172531128
"69","2016-03-09",17.4234371,78.416275,34.7799987792969,22.8199996948242,0,5349.24169921875,56.3699989318848,22.1800003051758,3.65222597122192,3.850745677948,3.81837725639343
"70","2016-03-10",17.4234371,78.416275,38.3699989318848,22.9599990844727,0,6422.482421875,63.0299987792969,14.789999961853,2.78385710716248,3.68434381484985,4.57262182235718
"71","2016-03-11",17.4234371,78.416275,38.4599990844727,22.4599990844727,0,5792.34912109375,66.3399963378906,13.5799999237061,3.02588891983032,4.11375331878662,3.85373163223267
"72","2016-03-12",17.4234371,78.416275,39.0999984741211,25.2800006866455,0,4823.6298828125,81.379997253418,14.0900001525879,3.65470790863037,3.90367698669434,2.25920963287354
"73","2016-03-13",17.4234371,78.416275,37.8899993896484,23.4200000762939,0,5791.37744140625,73.75,19.9799995422363,2.66746425628662,5.77983713150024,2.51965761184692
"74","2016-03-14",17.4234371,78.416275,36.0499992370605,24.5200004577637,0,6666.01513671875,83.7699966430664,28.4200000762939,2.94086050987244,3.72098827362061,2.96336245536804
"75","2016-03-15",17.4234371,78.416275,35.9500007629395,23.8299999237061,0,6466.7548828125,81.1800003051758,37.2299995422363,3.29843211174011,3.71841502189636,5.04344177246094
"76","2016-03-16",17.4234371,78.416275,37.7200012207031,23.3500003814697,0,7089.029296875,87.9800033569336,22.1299991607666,3.03138256072998,3.38435006141663,2.94215202331543
"77","2016-03-17",17.4234371,78.416275,38.6500015258789,24.1599998474121,0,7079.9658203125,72.9000015258789,22.3400001525879,3.40685105323792,3.67119336128235,2.78776407241821
"78","2016-03-18",17.4234371,78.416275,39.7000007629395,24.9799995422363,0,6463.28564453125,75.7600021362305,19.8299999237061,3.11918377876282,3.33225750923157,2.99401235580444
"79","2016-03-19",17.4234371,78.416275,39.060001373291,25.2999992370605,0,6329.77783203125,76.1999969482422,19.9099998474121,3.37392926216125,4.31191492080688,2.35466003417969
"80","2016-03-20",17.4234371,78.416275,39.4599990844727,24.5300006866455,0,6265.70458984375,61.2299995422363,15.1400003433228,3.30837154388428,4.07049560546875,2.09833717346191
"81","2016-03-21",17.4234371,78.416275,38.9199981689453,24.8600006103516,0,7539.220703125,61.4900016784668,11.1300001144409,6.07800912857056,6.11463785171509,2.21029996871948
"82","2016-03-22",17.4234371,78.416275,40.0200004577637,20.9500007629395,0,7573.6845703125,36.9300003051758,12.3299999237061,3.54544472694397,3.65365958213806,1.23331165313721
"83","2016-03-23",17.4234371,78.416275,40.3400001525879,22.0900001525879,0,6871.78125,39.6100006103516,17.3899993896484,3.24173808097839,3.36950826644897,3.70229911804199
"84","2016-03-24",17.4234371,78.416275,38.939998626709,24.25,0,6573.84765625,74.1900024414062,18.2099990844727,3.66378593444824,4.02895402908325,4.26856756210327
"85","2016-03-25",17.4234371,78.416275,39.0299987792969,24.5200004577637,0,7466.87744140625,76.379997253418,15.75,3.16193151473999,3.54889416694641,3.63099217414856
"86","2016-03-26",17.4234371,78.416275,39.6800003051758,24.1200008392334,0,6729.46875,73.2699966430664,12.1700000762939,3.18417358398438,3.95701289176941,3.48191285133362
"87","2016-03-27",17.4234371,78.416275,39.2900009155273,23.6599998474121,0,5978.7353515625,70.9199981689453,22.2600002288818,3.07159686088562,3.26199460029602,2.14960741996765
"88","2016-03-28",17.4234371,78.416275,37.1800003051758,23.2700004577637,0,7147.11328125,85.25,27.9400005340576,5.37561702728271,5.57774686813354,4.34340333938599
"89","2016-03-29",17.4234371,78.416275,37.9700012207031,24.0400009155273,0,6993.84619140625,66.5,23.0599994659424,3.86858677864075,4.06022930145264,2.59743690490723
"90","2016-03-30",17.4234371,78.416275,39.7200012207031,25.2600002288818,3.89827466011047,6275.24267578125,71.0400009155273,17.6599998474121,2.96943283081055,3.69718790054321,2.99342036247253
"91","2016-03-31",17.4234371,78.416275,39.7700004577637,24.8899993896484,4.46451425552368,6670.61572265625,78.1900024414062,22.2900009155273,3.21576929092407,7.65181636810303,2.64398670196533
"92","2016-04-01",17.4234371,78.416275,39.5900001525879,24.1299991607666,0,7085.912109375,72.4899978637695,16.9799995422363,3.20950150489807,3.36793303489685,1.39535737037659
"93","2016-04-02",17.4234371,78.416275,40.7200012207031,25.6900005340576,0,7212.32763671875,75.9300003051758,20.2199993133545,4.21514797210693,4.37027168273926,2.04707336425781
"94","2016-04-03",17.4234371,78.416275,40.3199996948242,26.5699996948242,0,6538.85205078125,72.4100036621094,17.9799995422363,3.63598346710205,3.7571759223938,2.14017701148987
"95","2016-04-04",17.4234371,78.416275,42.0699996948242,26.6200008392334,0,7016.87353515625,64.3399963378906,17.8600006103516,3.3940315246582,3.51703429222107,3.16666007041931
"96","2016-04-05",17.4234371,78.416275,39.75,27.1499996185303,0,7134.08837890625,55.2599983215332,19.1499996185303,4.28323030471802,4.47886037826538,3.64689898490906
"97","2016-04-06",17.4234371,78.416275,39.6399993896484,25.8299999237061,0,6275.27685546875,70.3600006103516,14.4899997711182,3.18685054779053,3.77601289749146,2.45778751373291
"98","2016-04-07",17.4234371,78.416275,39.8800010681152,26.3299999237061,0,6379.6982421875,66.120002746582,13.6499996185303,2.07281827926636,3.04448843002319,3.6964008808136
"99","2016-04-08",17.4234371,78.416275,39.689998626709,24.5699996948242,0,7066.6279296875,44.2700004577637,15.4200000762939,2.71493315696716,3.67642307281494,4.21848058700562
"100","2016-04-09",17.4234371,78.416275,39.6100006103516,25.2099990844727,0,7032.8095703125,70.2900009155273,16.5300006866455,2.81010508537292,4.57713747024536,4.05613899230957
"101","2016-04-10",17.4234371,78.416275,40.7200012207031,25.6700000762939,0,6316.56201171875,51.9700012207031,18.2199993133545,2.88498950004578,3.39592981338501,3.51608347892761
"102","2016-04-11",17.4234371,78.416275,41.189998626709,25.1299991607666,0,6709.169921875,54.560001373291,15.5500001907349,3.49464225769043,3.40748929977417,1.88208210468292
"103","2016-04-12",17.4234371,78.416275,42.0200004577637,26.5699996948242,0,6635.3017578125,67.4700012207031,10.1400003433228,2.77453136444092,3.40609407424927,2.4807665348053
"104","2016-04-13",17.4234371,78.416275,42.2799987792969,26.7099990844727,0,7124.66455078125,57.7900009155273,11.6700000762939,3.98049092292786,4.75639533996582,1.91861319541931
"105","2016-04-14",17.4234371,78.416275,42.3300018310547,26.1100006103516,0,6710.59716796875,57.1399993896484,20.1200008392334,3.73424291610718,3.82781410217285,2.08007788658142
"106","2016-04-15",17.4234371,78.416275,42.8199996948242,27.8199996948242,0,6687.0380859375,58.9199981689453,16.2900009155273,3.10578775405884,4.13171243667603,2.10540628433228
"107","2016-04-16",17.4234371,78.416275,42.9700012207031,28.4400005340576,0,7449.9794921875,64.0100021362305,13.3900003433228,3.95809388160706,4.38117170333862,2.87320613861084
"108","2016-04-17",17.4234371,78.416275,42.9599990844727,27.6000003814697,4.88386058807373,6985.1826171875,65.2900009155273,24.6399993896484,4.34922790527344,4.47672367095947,2.78717827796936
"109","2016-04-18",17.4234371,78.416275,40.25,28.0699996948242,0,6144.369140625,68.5999984741211,22.7199993133545,2.89973545074463,4.63900089263916,2.8136727809906
"110","2016-04-19",17.4234371,78.416275,41.0800018310547,26.0599994659424,0,6492.68798828125,74.5500030517578,16.2199993133545,3.53680062294006,4.38092184066772,4.17016172409058
"111","2016-04-20",17.4234371,78.416275,41.310001373291,26.3299999237061,0,7421.890625,70.8099975585938,18.2999992370605,4.05708742141724,4.25646495819092,3.5608696937561
"112","2016-04-21",17.4234371,78.416275,42.7299995422363,27.7000007629395,0,7419.2314453125,61.2900009155273,20.5200004577637,4.10698366165161,4.40692949295044,3.1607666015625
"113","2016-04-22",17.4234371,78.416275,42.1699981689453,30.1299991607666,0,7159.9365234375,59.0800018310547,13.4899997711182,4.35154819488525,4.9434175491333,3.45480895042419
"114","2016-04-23",17.4234371,78.416275,41.4300003051758,27.5799999237061,0,7072.25537109375,31.1200008392334,31.0699996948242,4.81268787384033,4.90058088302612,4.79889535903931
"115","2016-04-24",17.4234371,78.416275,42.6199989318848,27.8799991607666,0,7242.88134765625,28.5799999237061,15.6700000762939,4.41639089584351,4.58582639694214,3.2014262676239
"116","2016-04-25",17.4234371,78.416275,43.1500015258789,27.3099994659424,0,7210.5400390625,72.8099975585938,17.3700008392334,4.59029960632324,4.81905889511108,2.50787472724915
"117","2016-04-26",17.4234371,78.416275,41.4300003051758,28.2199993133545,3.38349080085754,6469.51611328125,69.9000015258789,26.5699996948242,3.41017389297485,5.1554741859436,3.2462112903595
"118","2016-04-27",17.4234371,78.416275,41.5200004577637,26.7999992370605,0.364435315132141,7306.58447265625,68.0199966430664,22.0799999237061,3.28191113471985,3.48734164237976,2.49431681632996
"119","2016-04-28",17.4234371,78.416275,42.0499992370605,26.75,0.410008162260056,7301.291015625,55.2299995422363,17.0499992370605,3.07475900650024,7.23694372177124,2.28631472587585
"120","2016-04-29",17.4234371,78.416275,42.5299987792969,29.0699996948242,0.5533167719841,7276.9541015625,56.4199981689453,18.5200004577637,3.38297867774963,4.08242464065552,2.8755624294281
"121","2016-04-30",17.4234371,78.416275,42.5200004577637,27.6000003814697,4.15863847732544,6614.62353515625,50.4000015258789,15.3199996948242,3.09647870063782,7.43059968948364,NA
"122","2016-05-01",17.4234371,78.416275,42.3400001525879,28.0699996948242,0,6854.5966796875,52.9700012207031,16.5300006866455,4.58901309967041,4.95281791687012,NA
"123","2016-05-02",17.4234371,78.416275,42.2400016784668,27.7800006866455,0.380088478326797,6744.0556640625,49.4700012207031,18.7600002288818,3.92961072921753,5.51226234436035,1.73948335647583
"124","2016-05-03",17.4234371,78.416275,41.6199989318848,25.8500003814697,3.16467881202698,6035.0322265625,64.0999984741211,27.0200004577637,3.90596294403076,5.17953252792358,3.27862119674683
"125","2016-05-04",17.4234371,78.416275,40.6800003051758,24.2099990844727,8.01709747314453,6127.12060546875,78.5400009155273,24.5599994659424,4.58831119537354,7.43971967697144,3.53259253501892
"126","2016-05-05",17.4234371,78.416275,38.0200004577637,24.0499992370605,0,6559.0185546875,86.8000030517578,30.2900009155273,4.30166816711426,5.01276016235352,3.62156200408936
"127","2016-05-06",17.4234371,78.416275,33.8499984741211,21.7999992370605,1.13998067378998,5641.44970703125,93.629997253418,36.2599983215332,4.84179306030273,5.93050909042358,1.82611131668091
"128","2016-05-07",17.4234371,78.416275,38.3600006103516,23.8099994659424,6.96402835845947,6554.0029296875,78.0100021362305,30.0499992370605,3.09092688560486,5.40185880661011,3.4441978931427
"129","2016-05-08",17.4234371,78.416275,37.8199996948242,22.5499992370605,3.01804995536804,5905.23046875,72.0699996948242,27.0499992370605,4.09717035293579,4.93562602996826,3.62451553344727
"130","2016-05-09",17.4234371,78.416275,39.1599998474121,24.9599990844727,0.949999988079071,6969.10546875,81.8499984741211,24.2399997711182,2.81124377250671,5.36893653869629,3.57265901565552
"131","2016-05-10",17.4234371,78.416275,37.0299987792969,23.0300006866455,4.81995534896851,5362.447265625,89.629997253418,29.3999996185303,6.79333877563477,7.07249402999878,1.67112708091736
"132","2016-05-11",17.4234371,78.416275,38.2400016784668,25.2399997711182,0,6567.18994140625,77.2099990844727,31.8199996948242,2.20896458625793,6.31706476211548,1.82550990581512
"133","2016-05-12",17.4234371,78.416275,39.8699989318848,25.6800003051758,0,6622.73876953125,67.9000015258789,26.2800006866455,3.21656656265259,3.49768304824829,2.04059767723083
"134","2016-05-13",17.4234371,78.416275,41.060001373291,27.8299999237061,0,7009.6162109375,70.2200012207031,23.9200000762939,3.29806113243103,4.13580894470215,2.82066440582275
"135","2016-05-14",17.4234371,78.416275,41.1100006103516,28.7099990844727,2.11265110969543,7232.072265625,73.7399978637695,24.9500007629395,3.42302894592285,4.59621286392212,3.09739398956299
"136","2016-05-15",17.4234371,78.416275,38.4500007629395,27.8299999237061,1.10502207279205,6452.39208984375,72.379997253418,27.4699993133545,3.96948552131653,4.54651737213135,4.15228939056396
"137","2016-05-16",17.4234371,78.416275,38.5999984741211,28.1700000762939,2.53224539756775,5664.9365234375,63.4099998474121,27.2399997711182,3.17313694953918,4.18525695800781,4.55409002304077
"138","2016-05-17",17.4234371,78.416275,36.9199981689453,27.7600002288818,0,4962.5380859375,73.5899963378906,41.3800010681152,3.89983320236206,3.29894328117371,5.43518400192261
"139","2016-05-18",17.4234371,78.416275,36.2999992370605,26.6900005340576,1.81326699256897,4415.27734375,77.9599990844727,43.8699989318848,3.94185519218445,4.27281808853149,5.01675987243652
"140","2016-05-19",17.4234371,78.416275,33.439998626709,25.8299999237061,4.43675851821899,3849.02172851562,75.7699966430664,50.4599990844727,4.22989654541016,4.57662343978882,5.27280044555664
"141","2016-05-20",17.4234371,78.416275,37.9500007629395,24.6200008392334,13.5946388244629,5577.8369140625,78.9000015258789,41.5699996948242,7.20511388778687,8.34811878204346,6.23219156265259
"142","2016-05-21",17.4234371,78.416275,39.7999992370605,26.5300006866455,1.06002116203308,6226.4951171875,76.7099990844727,29.1000003814697,7.14791774749756,7.19030237197876,7.40978050231934
"143","2016-05-22",17.4234371,78.416275,41.5499992370605,27.4599990844727,0,6848.75537109375,62.689998626709,15.6300001144409,7.17581796646118,7.26309585571289,6.13227415084839
"144","2016-05-23",17.4234371,78.416275,40.7299995422363,27.9200000762939,0,6437.21533203125,70.1100006103516,22.6700000762939,7.89423799514771,7.97913599014282,6.43671607971191
"145","2016-05-24",17.4234371,78.416275,40.4000015258789,28.3199996948242,0,7015.71875,57.2799987792969,22.1499996185303,8.49202919006348,8.64937973022461,6.42192554473877
"146","2016-05-25",17.4234371,78.416275,39.8300018310547,27.1200008392334,5.90282011032104,5997.6064453125,71.6699981689453,26.4099998474121,8.3041877746582,10.3374290466309,6.97779178619385
"147","2016-05-26",17.4234371,78.416275,40.0400009155273,28.1100006103516,0,6609.69140625,75.9000015258789,26.4300003051758,7.23071527481079,7.36073398590088,6.15156221389771
"148","2016-05-27",17.4234371,78.416275,40.5999984741211,28.3500003814697,0,6519.26513671875,59.5099983215332,25.9899997711182,6.03795289993286,6.84998083114624,5.7776083946228
"149","2016-05-28",17.4234371,78.416275,40.0499992370605,27.6800003051758,0,6149.38525390625,70.4899978637695,27.6900005340576,6.69675207138062,6.87360763549805,4.98931121826172
"150","2016-05-29",17.4234371,78.416275,38.3300018310547,25.7000007629395,0,6246.48046875,76.9599990844727,30.1800003051758,6.6635103225708,6.74095010757446,5.18724060058594
"151","2016-05-30",17.4234371,78.416275,38.6300010681152,27.9200000762939,0,6602.884765625,55.8499984741211,26.3500003814697,6.23824977874756,6.38006925582886,5.61507654190063
"152","2016-05-31",17.4234371,78.416275,39.1399993896484,27.6299991607666,0,5708.22705078125,64.8199996948242,29.3500003814697,6.63223171234131,6.74319887161255,4.62740087509155
"153","2016-06-01",17.4234371,78.416275,39.1500015258789,28.0300006866455,1.67831480503082,5582.70751953125,77.3899993896484,30.5799999237061,6.01794815063477,6.14548110961914,3.35488843917847
"154","2016-06-02",17.4234371,78.416275,34.8600006103516,27.2800006866455,5.05835485458374,5175.58935546875,69.5299987792969,47.810001373291,6.022057056427,6.09495449066162,4.13409757614136
"155","2016-06-03",17.4234371,78.416275,39.7700004577637,24.6399993896484,10.4118556976318,5835.92431640625,80.1800003051758,31.8600006103516,5.85480737686157,7.22952365875244,4.03151416778564
"156","2016-06-04",17.4234371,78.416275,33.3800010681152,23.3799991607666,10.3795108795166,3941.71142578125,96.8899993896484,45.1800003051758,5.69134378433228,6.52113342285156,5.40380859375
"157","2016-06-05",17.4234371,78.416275,33.5499992370605,23.6900005340576,2.84998798370361,4452.2041015625,89.1699981689453,45.9300003051758,4.88298559188843,5.18361473083496,4.75440549850464
"158","2016-06-06",17.4234371,78.416275,33.1300010681152,23.5799999237061,8.42114639282227,4139.20849609375,82.6399993896484,43.6800003051758,5.99401187896729,6.35066223144531,3.74671626091003
"159","2016-06-07",17.4234371,78.416275,31.8199996948242,23.6000003814697,3.29032349586487,4093.91015625,89.620002746582,53.4900016784668,3.82880401611328,4.50529289245605,3.36668682098389
"160","2016-06-08",17.4234371,78.416275,31.2999992370605,23.7900009155273,0,3125.134765625,94.3899993896484,54.2299995422363,4.55494737625122,4.65676641464233,4.38228130340576
"161","2016-06-09",17.4234371,78.416275,34.0800018310547,25.2399997711182,0,3681.03564453125,80.9000015258789,42.5499992370605,5.06115198135376,5.80255317687988,6.98673009872437
"162","2016-06-10",17.4234371,78.416275,35.6399993896484,25.7900009155273,6.29058218002319,4579.9443359375,90.2300033569336,45.5400009155273,5.10695648193359,5.83534669876099,4.88296127319336
"163","2016-06-11",17.4234371,78.416275,32.9599990844727,26.1800003051758,0,3987.38061523438,85.370002746582,58.9099998474121,5.01736259460449,5.92214012145996,6.74551343917847
"164","2016-06-12",17.4234371,78.416275,34.060001373291,25.4699993133545,4.34444236755371,4014.01513671875,82.0500030517578,47.9799995422363,6.34418439865112,6.70178365707397,5.69801330566406
"165","2016-06-13",17.4234371,78.416275,33.4099998474121,25.8700008392334,0,3827.25927734375,92.7399978637695,49.5299987792969,6.44997358322144,7.24852180480957,6.29445934295654
"166","2016-06-14",17.4234371,78.416275,36.7000007629395,25.3199996948242,0,5185.39501953125,77.4599990844727,34.689998626709,6.60385990142822,8.32161521911621,7.19557666778564
"167","2016-06-15",17.4234371,78.416275,36.5299987792969,25.8400001525879,0,5293.3671875,80.120002746582,36.4500007629395,7.34779644012451,7.4341344833374,8.18644428253174
"168","2016-06-16",17.4234371,78.416275,36.6599998474121,26.4500007629395,0,5574.35986328125,77.8099975585938,32.7999992370605,6.11573696136475,6.1557788848877,6.34230947494507
"169","2016-06-17",17.4234371,78.416275,36.5900001525879,26.3299999237061,2.77654337882996,4236.07861328125,85.620002746582,35.3699989318848,6.22935009002686,6.95974779129028,5.77484273910522
"170","2016-06-18",17.4234371,78.416275,30.7900009155273,24.2099990844727,5.41368103027344,3401.39892578125,91.1500015258789,56.2299995422363,7.00468397140503,7.25516653060913,5.65980911254883
"171","2016-06-19",17.4234371,78.416275,27.0200004577637,23.3700008392334,1.1611168384552,2277.43237304688,96.1800003051758,76.9199981689453,3.43119549751282,4.48132371902466,6.15948438644409
"172","2016-06-20",17.4234371,78.416275,30.5400009155273,24.1499996185303,0,2989.47607421875,95.6100006103516,64.0999984741211,3.69195652008057,4.46501445770264,4.90662050247192
"173","2016-06-21",17.4234371,78.416275,34.5999984741211,24.5400009155273,0,5362.14013671875,94.6800003051758,46.9700012207031,3.44431304931641,5.2990550994873,2.80111765861511
"174","2016-06-22",17.4234371,78.416275,34.0800018310547,24.4300003051758,0,4682.35302734375,99.1800003051758,48.5299987792969,4.90813302993774,4.99501466751099,3.45990991592407
"175","2016-06-23",17.4234371,78.416275,34.9900016784668,24.5,0.750559031963348,4227.98828125,97.1699981689453,49.7200012207031,4.5379319190979,5.39806127548218,4.26572895050049
"176","2016-06-24",17.4234371,78.416275,33.2900009155273,24.4300003051758,2.91782855987549,3782.46606445312,93.7200012207031,50.9099998474121,5.81607532501221,5.91129016876221,4.99273729324341
"177","2016-06-25",17.4234371,78.416275,32.7799987792969,23.9899997711182,23.1432151794434,4608.78515625,98.3300018310547,53.4700012207031,6.3839259147644,6.56075811386108,6.67455577850342
"178","2016-06-26",17.4234371,78.416275,31.2399997711182,23.0699996948242,13.8450832366943,3483.47045898438,97.6999969482422,55.689998626709,6.34133958816528,6.89230537414551,6.36227226257324
"179","2016-06-27",17.4234371,78.416275,32.0400009155273,23.5599994659424,26.8760280609131,3761.32568359375,94.8600006103516,55.6399993896484,6.49034881591797,6.68923616409302,6.76063060760498
"180","2016-06-28",17.4234371,78.416275,27.9300003051758,23.3199996948242,8.36728477478027,2185.84423828125,94.7600021362305,76.2200012207031,5.04324769973755,6.42640733718872,8.78976821899414
"181","2016-06-29",17.4234371,78.416275,27.4200000762939,23.5599994659424,9.24287033081055,2899.435546875,93.4199981689453,74.6500015258789,6.19908380508423,6.98378849029541,8.81687355041504
"182","2016-06-30",17.4234371,78.416275,28.7099990844727,23.1399993896484,3.29499292373657,3199.43505859375,88.5199966430664,68.5100021362305,7.74332094192505,9.14821434020996,9.13739490509033
"183","2016-07-01",17.4234371,78.416275,30.1800003051758,23.25,1.90795278549194,3173.58935546875,92.1999969482422,61.5999984741211,7.67589712142944,7.76283168792725,8.66158294677734
"184","2016-07-02",17.4234371,78.416275,31.4200000762939,23.9500007629395,3.04712700843811,3125.58325195312,86.5699996948242,55.2999992370605,7.05703210830688,7.11879444122314,8.77218914031982
"185","2016-07-03",17.4234371,78.416275,30.0699996948242,24,6.84452199935913,3054.63891601562,94,67.9000015258789,6.56493663787842,6.61805820465088,8.28038024902344
"186","2016-07-04",17.4234371,78.416275,31.6299991607666,24.0100002288818,1.50344300270081,3427.96875,97.0299987792969,61.4500007629395,5.90663528442383,6.73484420776367,8.0557336807251
"187","2016-07-05",17.4234371,78.416275,31.9899997711182,23.8899993896484,15.6638135910034,3988.38916015625,89.7200012207031,56.7700004577637,6.85300064086914,6.9624719619751,7.8543815612793
"188","2016-07-06",17.4234371,78.416275,31.6599998474121,23.4099998474121,3.24343419075012,3502.92919921875,90.5999984741211,59.5499992370605,6.90777444839478,7.07144784927368,8.30819225311279
"189","2016-07-07",17.4234371,78.416275,28.8099994659424,23.5300006866455,0,2757.33251953125,96.5500030517578,68.5500030517578,6.41888809204102,6.56951284408569,8.57395267486572
"190","2016-07-08",17.4234371,78.416275,28.6000003814697,23.8899993896484,6.66710233688354,2975.44750976562,94.370002746582,65.2200012207031,7.16988945007324,7.29299163818359,8.84621143341064
"191","2016-07-09",17.4234371,78.416275,27.2399997711182,22.5699996948242,16.2171669006348,2994.783203125,90.5999984741211,71.0899963378906,7.17496204376221,7.42362976074219,8.60694885253906
"192","2016-07-10",17.4234371,78.416275,27.4500007629395,22.4699993133545,18.3871231079102,2586.27587890625,98.0999984741211,72.5400009155273,7.23153638839722,7.59458494186401,9.16349315643311
"193","2016-07-11",17.4234371,78.416275,26.2199993133545,22.6499996185303,7.43723249435425,1974.82006835938,91.9499969482422,77.9199981689453,6.16127586364746,7.04613447189331,10.292778968811
"194","2016-07-12",17.4234371,78.416275,30.5200004577637,22.8600006103516,1.40473747253418,3096.74853515625,98.5500030517578,59.7400016784668,5.63190984725952,7.17512273788452,7.81353998184204
"195","2016-07-13",17.4234371,78.416275,31.9899997711182,23.2000007629395,0,4038.34033203125,95.0500030517578,56.4300003051758,5.96698236465454,6.06229686737061,6.84094190597534
"196","2016-07-14",17.4234371,78.416275,32.7099990844727,22.8700008392334,0,4377.23974609375,87.5500030517578,53.5499992370605,4.72576379776001,4.80719041824341,6.13056468963623
"197","2016-07-15",17.4234371,78.416275,34.2200012207031,24.1000003814697,0,4762.52880859375,89.3600006103516,44.5499992370605,4.2983283996582,4.41717529296875,5.2814302444458
"198","2016-07-16",17.4234371,78.416275,32.2799987792969,24.8899993896484,2.70666980743408,3410.51586914062,84.5999984741211,48.7099990844727,3.98914647102356,4.37101602554321,4.84790134429932
"199","2016-07-17",17.4234371,78.416275,32.9300003051758,25.0900001525879,0,3802.96655273438,89.3399963378906,47.810001373291,3.44871354103088,3.917400598526,4.50720930099487
"200","2016-07-18",17.4234371,78.416275,31.8999996185303,24.0300006866455,9.85674285888672,3284.93994140625,89.6900024414062,54.7099990844727,3.9953830242157,4.14696168899536,4.59260654449463
"201","2016-07-19",17.4234371,78.416275,28.9400005340576,22.8899993896484,20.3862533569336,3173.62255859375,95.5800018310547,67.4800033569336,5.06262063980103,5.15226078033447,5.35564041137695
"202","2016-07-20",17.4234371,78.416275,30.1299991607666,21.8799991607666,1.49137306213379,3110.39404296875,95.8499984741211,62.9700012207031,6.48155307769775,7.22111988067627,6.16660404205322
"203","2016-07-21",17.4234371,78.416275,29,22,11.4367551803589,2929.35791015625,93.120002746582,70.5500030517578,5.16999864578247,5.29639673233032,5.5458927154541
"204","2016-07-22",17.4234371,78.416275,28.75,22.1700000762939,5.70353364944458,2617.60327148438,94.7099990844727,71.9800033569336,3.99811863899231,4.4099235534668,5.27132940292358
"205","2016-07-23",17.4234371,78.416275,29.4099998474121,22.0900001525879,1.21333336830139,3047.22802734375,100,63.9599990844727,3.71141672134399,4.19627857208252,4.93615341186523
"206","2016-07-24",17.4234371,78.416275,30.2000007629395,22.9899997711182,4.24767303466797,3202.55834960938,98.0100021362305,62.810001373291,2.67187595367432,3.13799905776978,4.04005479812622
"207","2016-07-25",17.4234371,78.416275,31.9699993133545,23.1700000762939,7.01080226898193,3484.8193359375,97.5999984741211,58.8400001525879,3.32028436660767,3.81413388252258,2.60572028160095
"208","2016-07-26",17.4234371,78.416275,32.4799995422363,23.1900005340576,31.1343612670898,3203.10864257812,99.129997253418,55.5,2.6534116268158,3.11544108390808,2.87237668037415
"209","2016-07-27",17.4234371,78.416275,31.1900005340576,22.7700004577637,9.02490901947021,3044.81762695312,94.6500015258789,66.5100021362305,2.18645119667053,2.27722406387329,2.40271401405334
"210","2016-07-28",17.4234371,78.416275,32.1399993896484,23.4599990844727,8.23035049438477,3462.69750976562,94.4899978637695,59.6399993896484,2.4098527431488,3.25311064720154,2.89382338523865
"211","2016-07-29",17.4234371,78.416275,30.1399993896484,23.3799991607666,23.3276805877686,3307.94848632812,96.9300003051758,63.8199996948242,2.96084380149841,4.05968427658081,3.90242600440979
"212","2016-07-30",17.4234371,78.416275,29.9799995422363,23.1000003814697,9.89161205291748,3393.44897460938,94.7600021362305,67.4700012207031,2.98000025749207,4.09391212463379,5.22919130325317
"213","2016-07-31",17.4234371,78.416275,27.9400005340576,22.6399993896484,0,2837.66870117188,97.7099990844727,69.2600021362305,5.77624130249023,6.19133996963501,6.5309009552002
"214","2016-08-01",17.4234371,78.416275,27.0799999237061,22.1299991607666,4.26922178268433,2572.29125976562,99.3600006103516,71.8199996948242,5.46069431304932,5.55197191238403,8.75094604492188
"215","2016-08-02",17.4234371,78.416275,27.3500003814697,22.3400001525879,1.93080008029938,3158.26293945312,91.2900009155273,71.4000015258789,6.7026538848877,7.35316562652588,9.74520492553711
"216","2016-08-03",17.4234371,78.416275,34.9900016784668,15.7200002670288,9.22721576690674,2703.5517578125,100,75.7200012207031,7.19382333755493,7.4021143913269,8.22466278076172
"217","2016-08-04",17.4234371,78.416275,30.4500007629395,22.3199996948242,2.97666335105896,2699.9892578125,100,68.8899993896484,6.26377487182617,6.32559728622437,7.40369033813477
"218","2016-08-05",17.4234371,78.416275,29.5799999237061,22.7199993133545,2.51088619232178,3032.12255859375,88.9899978637695,57.3400001525879,5.96935224533081,6.86189985275269,8.1412878036499
"219","2016-08-06",17.4234371,78.416275,30.2700004577637,23.5599994659424,1.16076195240021,3835.7998046875,91.6699981689453,62.7799987792969,6.55991554260254,6.74455118179321,8.43296432495117
"220","2016-08-07",17.4234371,78.416275,30.7700004577637,23.2199993133545,0,3268.58178710938,93.6100006103516,61.1199989318848,7.12146663665771,7.20439481735229,7.37649488449097
"221","2016-08-08",17.4234371,78.416275,31.7299995422363,23.0300006866455,0,4450.27294921875,93.8300018310547,56.189998626709,6.52873659133911,6.61685609817505,6.7200722694397
"222","2016-08-09",17.4234371,78.416275,31.1499996185303,23.1499996185303,0,4882.634765625,93,54.9000015258789,6.76099014282227,7.13098669052124,7.18809175491333
"223","2016-08-10",17.4234371,78.416275,31.7600002288818,23.3299999237061,0,3972.36474609375,95.4300003051758,56.5499992370605,7.12978744506836,7.30882215499878,7.12195730209351
"224","2016-08-11",17.4234371,78.416275,32.1500015258789,23.5,0,3751.8603515625,93.9899978637695,51.6500015258789,6.94169807434082,7.00806379318237,6.768310546875
"225","2016-08-12",17.4234371,78.416275,32.189998626709,23.3299999237061,0.664953172206879,4498.32763671875,90.9899978637695,54.2400016784668,6.38011980056763,6.49160623550415,6.12486886978149
"226","2016-08-13",17.4234371,78.416275,31.7000007629395,23.2999992370605,0,4811.724609375,98.7300033569336,57.6500015258789,6.46322298049927,6.50212430953979,6.56251955032349
"227","2016-08-14",17.4234371,78.416275,30.4500007629395,23.9400005340576,0,3880.25317382812,97.1500015258789,57.0499992370605,5.47652959823608,5.53773164749146,6.8446307182312
"228","2016-08-15",17.4234371,78.416275,30.7199993133545,22.5300006866455,0,4251.62158203125,92.9599990844727,57.2700004577637,6.64349365234375,6.7391152381897,6.94615459442139
"229","2016-08-16",17.4234371,78.416275,30.8899993896484,22.5400009155273,0,4038.87426757812,90.0100021362305,51.9099998474121,7.25789213180542,7.37702131271362,8.16284465789795
"230","2016-08-17",17.4234371,78.416275,31.9500007629395,22.2000007629395,0,5131.87548828125,91.3199996948242,49.5900001525879,7.95237350463867,8.39288234710693,7.76440095901489
"231","2016-08-18",17.4234371,78.416275,32.4199981689453,22.4699993133545,0,4521.51611328125,87.8399963378906,49.4500007629395,5.59384965896606,5.705246925354,6.49143886566162
"232","2016-08-19",17.4234371,78.416275,32.6199989318848,22.6399993896484,0,4963.318359375,95.9499969482422,45,5.92252349853516,6.11236667633057,5.44629430770874
"233","2016-08-20",17.4234371,78.416275,33.2099990844727,22.9400005340576,0,4927.23291015625,81.8899993896484,39.3499984741211,6.48756742477417,6.55085706710815,4.96613216400146
"234","2016-08-21",17.4234371,78.416275,34,22.8799991607666,0,5022.06201171875,95,42.3600006103516,4.16950941085815,4.23342752456665,4.48960399627686
"235","2016-08-22",17.4234371,78.416275,33.2099990844727,24.6100006103516,0,4460.7861328125,88.3499984741211,45.3600006103516,4.81366682052612,5.41200351715088,4.29431915283203
"236","2016-08-23",17.4234371,78.416275,33.2000007629395,23.9099998474121,0,4680.36865234375,94.3300018310547,49.4000015258789,5.15519142150879,5.24080276489258,5.7383451461792
"237","2016-08-24",17.4234371,78.416275,33.6100006103516,24,0,4901.3994140625,87.3499984741211,50.3199996948242,3.55431175231934,4.90819597244263,5.09833240509033
"238","2016-08-25",17.4234371,78.416275,30.1800003051758,23.0200004577637,8.16506958007812,3453.57104492188,92.3199996948242,67.4400024414062,3.65527009963989,3.90486121177673,4.99345254898071
"239","2016-08-26",17.4234371,78.416275,32.7700004577637,24.0200004577637,0.780603229999542,4484.490234375,91.9100036621094,51.5800018310547,4.2677116394043,4.79685401916504,4.02467203140259
"240","2016-08-27",17.4234371,78.416275,33.1100006103516,24.2099990844727,16.1112899780273,4436.96044921875,95.5999984741211,53.0400009155273,4.83385992050171,5.52211952209473,3.435955286026
"241","2016-08-28",17.4234371,78.416275,31.4099998474121,22.8400001525879,3.03780221939087,3833.06811523438,94.7600021362305,61.3199996948242,4.43898057937622,4.52703714370728,4.03615951538086
"242","2016-08-29",17.4234371,78.416275,31.4099998474121,23.8600006103516,7.93726253509521,4321.1435546875,98.3000030517578,67.0400009155273,3.35356974601746,5.20979833602905,4.12433385848999
"243","2016-08-30",17.4234371,78.416275,27.4099998474121,23.5200004577637,30.9623126983643,2728.22338867188,94.3199996948242,69.4100036621094,2.63760828971863,3.04048132896423,4.45887422561646
"244","2016-08-31",17.4234371,78.416275,26.5799999237061,22.5699996948242,64.6561889648438,2321.75024414062,95.8399963378906,82.2799987792969,3.08539009094238,4.41855669021606,4.99124097824097
"245","2016-09-01",17.4234371,78.416275,30.7000007629395,22.8899993896484,3.24052333831787,3217.12646484375,95.3499984741211,67.6999969482422,3.08259081840515,4.12030076980591,5.64987134933472
"246","2016-09-02",17.4234371,78.416275,30.5699996948242,22.8799991607666,7.45809507369995,3902.48315429688,99.4899978637695,62.7799987792969,3.49357891082764,4.24605703353882,4.2569637298584
"247","2016-09-03",17.4234371,78.416275,29.9599990844727,22.6499996185303,3.22966766357422,4347.16650390625,95.7699966430664,62.3400001525879,3.20503306388855,3.60589075088501,4.89183378219604
"248","2016-09-04",17.4234371,78.416275,28.9500007629395,22.9899997711182,0.550443530082703,3270.99780273438,97.4499969482422,64.75,3.25862550735474,3.45489764213562,4.11516523361206
"249","2016-09-05",17.4234371,78.416275,30.4400005340576,21.9200000762939,0,5022.21875,92.8600006103516,54.2599983215332,4.75215578079224,4.86312532424927,4.3302321434021
"250","2016-09-06",17.4234371,78.416275,30.6100006103516,21.9799995422363,0,5397.0087890625,93.7799987792969,51.7599983215332,4.15279674530029,5.47011947631836,4.4601035118103
"251","2016-09-07",17.4234371,78.416275,30.7299995422363,22.0300006866455,0,5151.4033203125,91.0100021362305,50.2099990844727,4.10731029510498,5.41476106643677,4.19283580780029
"252","2016-09-08",17.4234371,78.416275,31.1700000762939,21.8899993896484,0,5453.78173828125,85,50.1800003051758,4.09095430374146,4.15201950073242,4.20996713638306
"253","2016-09-09",17.4234371,78.416275,30.9699993133545,23.1499996185303,0,4153.04150390625,87.9199981689453,56.3400001525879,5.60150766372681,5.68030977249146,5.24933052062988
"254","2016-09-10",17.4234371,78.416275,27.6399993896484,22.7600002288818,14.9041700363159,2777.23046875,94.6100006103516,61.2700004577637,5.6220555305481,6.30138397216797,5.15507173538208
"255","2016-09-11",17.4234371,78.416275,27.5699996948242,21.9200000762939,9.06044483184814,3008.42504882812,96.5800018310547,73.0100021362305,5.69770479202271,6.45364999771118,4.65130376815796
"256","2016-09-12",17.4234371,78.416275,27.8400001525879,22.5799999237061,1.42370176315308,3069.37963867188,90.2200012207031,69.7900009155273,3.69965100288391,4.41495609283447,4.85686492919922
"257","2016-09-13",17.4234371,78.416275,25.9300003051758,20.8600006103516,15.2518033981323,2333.208984375,96.2200012207031,74.9599990844727,4.55333614349365,4.62044668197632,6.19352769851685
"258","2016-09-14",17.4234371,78.416275,26.1399993896484,21.6800003051758,39.3969688415527,2540.3173828125,95.0199966430664,79.2600021362305,4.57696866989136,4.70432567596436,4.54953384399414
"259","2016-09-15",17.4234371,78.416275,26.6800003051758,22.0799999237061,10.3154802322388,2911.94213867188,95.2900009155273,84.5599975585938,2.3674955368042,2.54780793190002,3.97436285018921
"260","2016-09-16",17.4234371,78.416275,28.8799991607666,22.6000003814697,19.542293548584,4336.31396484375,95.9499969482422,69.4499969482422,2.683189868927,3.15657186508179,6.82929515838623
"261","2016-09-17",17.4234371,78.416275,27.6100006103516,22.8400001525879,0.362395018339157,2848.12109375,95.8600006103516,78.4300003051758,3.34475111961365,3.74269866943359,7.10281705856323
"262","2016-09-18",17.4234371,78.416275,30.0100002288818,22.0200004577637,0.351712226867676,5359.46875,91.4000015258789,61.8699989318848,5.54891300201416,5.66640710830688,6.71776390075684
"263","2016-09-19",17.4234371,78.416275,29.1100006103516,22.1399993896484,6.79633903503418,4216.90283203125,94.4100036621094,65.4300003051758,4.59702396392822,4.75485038757324,6.14115238189697
"264","2016-09-20",17.4234371,78.416275,29.2299995422363,22.5300006866455,10.4146337509155,4108.60009765625,94.3199996948242,70.5999984741211,5.66005516052246,5.71392250061035,5.99216842651367
"265","2016-09-21",17.4234371,78.416275,27.4400005340576,21.7099990844727,33.9690055847168,3498.626953125,95.9199981689453,78.379997253418,4.89140605926514,5.57190561294556,4.36930656433105
"266","2016-09-22",17.4234371,78.416275,28.3600006103516,22.3999996185303,39.0414810180664,2834.76977539062,93.7600021362305,70.9300003051758,2.96598863601685,4.60792303085327,5.40687990188599
"267","2016-09-23",17.4234371,78.416275,26.0699996948242,22.0200004577637,46.5021820068359,2546.279296875,93.1999969482422,73.4599990844727,3.77444577217102,4.58369398117065,4.79784154891968
"268","2016-09-24",17.4234371,78.416275,26.5400009155273,22.5699996948242,9.9861478805542,3199.00512695312,93.6900024414062,78.6100006103516,4.7560510635376,4.83113241195679,5.27102947235107
"269","2016-09-25",17.4234371,78.416275,27.1399993896484,22.7099990844727,5.03534412384033,2971.52075195312,94.6699981689453,76.1999969482422,3.76229786872864,4.03004360198975,5.77955532073975
"270","2016-09-26",17.4234371,78.416275,28.9400005340576,22.9300003051758,3.17277860641479,2975.81420898438,95.1999969482422,71.870002746582,2.90955352783203,3.58963656425476,5.45368099212646
"271","2016-09-27",17.4234371,78.416275,29.5100002288818,22.8600006103516,3.13918447494507,3100.02197265625,93.6100006103516,70.620002746582,3.45015978813171,3.85734915733337,4.68688631057739
"272","2016-09-28",17.4234371,78.416275,31.2700004577637,22.9099998474121,0,4547.96728515625,99.4400024414062,61.1800003051758,3.68410897254944,4.09537744522095,4.52342796325684
"273","2016-09-29",17.4234371,78.416275,30.75,22.8400001525879,0,4901.876953125,92.0899963378906,64,3.65997815132141,3.93416142463684,4.49477195739746
"274","2016-09-30",17.4234371,78.416275,29.3600006103516,22.9099998474121,0,3878.47607421875,97.6999969482422,68.370002746582,3.49902153015137,3.79097604751587,4.51775646209717
"275","2016-10-01",17.4234371,78.416275,28.8099994659424,22.1700000762939,5.61344623565674,3757.77783203125,94.7799987792969,69.5100021362305,2.75577473640442,3.41298508644104,4.33142423629761
"276","2016-10-02",17.4234371,78.416275,30.2000007629395,22.2199993133545,0.31853511929512,4842.1943359375,98.7600021362305,58.8300018310547,3.35942101478577,3.4671938419342,5.24961233139038
"277","2016-10-03",17.4234371,78.416275,30.7199993133545,21.7000007629395,0,5837.2041015625,97.9899978637695,59.810001373291,2.61982464790344,2.84690356254578,4.28063869476318
"278","2016-10-04",17.4234371,78.416275,30.9599990844727,22.9500007629395,0,5275.01318359375,96.0999984741211,56.4700012207031,2.81978821754456,3.13685917854309,4.26202821731567
"279","2016-10-05",17.4234371,78.416275,30.4099998474121,22.2800006866455,0,5107.98291015625,96.9199981689453,61.6100006103516,3.56187033653259,3.73221158981323,4.67623472213745
"280","2016-10-06",17.4234371,78.416275,30.8600006103516,22.9400005340576,0,5405.27880859375,98.2399978637695,53.2400016784668,3.65297102928162,3.73518490791321,4.62877655029297
"281","2016-10-07",17.4234371,78.416275,30.75,22.4300003051758,4.10888433456421,5345.0390625,92.9800033569336,60.0699996948242,3.34416389465332,3.46412253379822,3.97737669944763
"282","2016-10-08",17.4234371,78.416275,27.5799999237061,22.3400001525879,12.4484996795654,2759.16918945312,93.5699996948242,72.6100006103516,3.4961109161377,4.44809579849243,3.70988297462463
"283","2016-10-09",17.4234371,78.416275,27.8799991607666,22.3600006103516,1.86947882175446,3107.40673828125,95.8199996948242,61.5999984741211,3.59244346618652,3.72709894180298,4.45628547668457
"284","2016-10-10",17.4234371,78.416275,31.0900001525879,22.1499996185303,0,4483.3134765625,96.120002746582,58.560001373291,3.44609498977661,4.42833566665649,4.37067461013794
"285","2016-10-11",17.4234371,78.416275,31.9500007629395,22.1200008392334,0,5364.61181640625,92.5800018310547,56.5299987792969,2.45184254646301,3.26688838005066,3.36643671989441
"286","2016-10-12",17.4234371,78.416275,32.4700012207031,22.4099998474121,0,3978.78466796875,91,41.7000007629395,3.19373416900635,3.57282066345215,3.08280467987061
"287","2016-10-13",17.4234371,78.416275,32.4700012207031,21.7000007629395,0,5451.2734375,83.120002746582,43.7799987792969,3.59143757820129,4.27280616760254,2.64565205574036
"288","2016-10-14",17.4234371,78.416275,31.2299995422363,20.4599990844727,0,5879.4541015625,87.4000015258789,31.5,4.94544744491577,3.62882328033447,2.44993925094604
"289","2016-10-15",17.4234371,78.416275,31.2999992370605,18.4799995422363,0,5816.81005859375,82.1100006103516,31.6700000762939,2.64156913757324,2.744549036026,2.1198742389679
"290","2016-10-16",17.4234371,78.416275,31.3500003814697,18.75,0,5737.66796875,85.2200012207031,30.9699993133545,2.30442690849304,2.80157399177551,2.44760465621948
"291","2016-10-17",17.4234371,78.416275,31.6399993896484,17.7900009155273,0,5415.8564453125,86.4400024414062,27.8899993896484,2.8619589805603,2.97361063957214,2.40322971343994
"292","2016-10-18",17.4234371,78.416275,31.6399993896484,18.7700004577637,0,5397.98876953125,80.0999984741211,29.4899997711182,2.93755459785461,3.01057195663452,2.67335534095764
"293","2016-10-19",17.4234371,78.416275,31.7600002288818,18.4200000762939,0,6014.00048828125,80.620002746582,30.1499996185303,3.5261869430542,3.62488794326782,2.69842672348022
"294","2016-10-20",17.4234371,78.416275,31.6800003051758,17.9899997711182,0,4924.00390625,79.2600021362305,29.0300006866455,3.53000903129578,3.66080260276794,2.32565593719482
"295","2016-10-21",17.4234371,78.416275,31.7199993133545,17.4200000762939,0,5370.4873046875,87.0299987792969,29.1200008392334,3.83954644203186,4.0153956413269,2.2277557849884
"296","2016-10-22",17.4234371,78.416275,31.7299995422363,17.3700008392334,0,5795.99853515625,79.4199981689453,27.3999996185303,3.50969934463501,3.62194585800171,2.65547728538513
"297","2016-10-23",17.4234371,78.416275,32.0699996948242,18.3700008392334,0,5319.4697265625,74.8899993896484,29.6100006103516,3.11565160751343,3.21338057518005,2.26963973045349
"298","2016-10-24",17.4234371,78.416275,31.4099998474121,19.5,0,4223.259765625,72.9100036621094,31.1100006103516,2.87076687812805,2.94043397903442,2.43025588989258
"299","2016-10-25",17.4234371,78.416275,31.2099990844727,19.6900005340576,0,4480.54345703125,77.3499984741211,30.9500007629395,3.11337995529175,3.19666314125061,3.01641273498535
"300","2016-10-26",17.4234371,78.416275,31.6800003051758,18.6299991607666,0,5557.7490234375,78.8499984741211,32.2999992370605,3.24670886993408,3.5036723613739,3.26749348640442
"301","2016-10-27",17.4234371,78.416275,31.1599998474121,17.4699993133545,0,5836.14599609375,86.6699981689453,26.7399997711182,4.08931922912598,4.33814907073975,3.92027521133423
"302","2016-10-28",17.4234371,78.416275,31.1399993896484,16.4799995422363,0,5332.65966796875,78.2699966430664,35.3400001525879,3.37653946876526,3.49578809738159,3.4225447177887
"303","2016-10-29",17.4234371,78.416275,31.1100006103516,20.6000003814697,0,4069.24975585938,85.0199966430664,49.3899993896484,1.85060775279999,2.28543639183044,2.75292563438416
"304","2016-10-30",17.4234371,78.416275,31.8500003814697,21.7000007629395,0,4988.95263671875,91.1600036621094,50.7299995422363,2.64530682563782,3.14696884155273,2.65364956855774
"305","2016-10-31",17.4234371,78.416275,31.2700004577637,21.4899997711182,2.7074568271637,4544.0322265625,99.870002746582,50.5099983215332,2.87573862075806,3.09129524230957,2.27711820602417
"306","2016-11-01",17.4234371,78.416275,31.4099998474121,20.8299999237061,0,5646.365234375,93.5,37.2299995422363,2.80046629905701,2.87340140342712,2.94060707092285
"307","2016-11-02",17.4234371,78.416275,31.3199996948242,19.3199996948242,0,5605.685546875,90.9800033569336,39,2.95679688453674,3.14735436439514,3.22817516326904
"308","2016-11-03",17.4234371,78.416275,31.8799991607666,19.7399997711182,0,5680.82568359375,89.9199981689453,37.689998626709,2.41829490661621,2.51180267333984,3.26684784889221
"309","2016-11-04",17.4234371,78.416275,31.7199993133545,19.7099990844727,0,5803.43359375,86.5100021362305,32.060001373291,3.25306582450867,3.3866081237793,3.8483898639679
"310","2016-11-05",17.4234371,78.416275,31.1499996185303,18.1900005340576,0,5146.958984375,81.9499969482422,33.5699996948242,2.52315258979797,3.0615553855896,3.79847836494446
"311","2016-11-06",17.4234371,78.416275,30.9500007629395,18.6100006103516,0,5073.7763671875,80.5400009155273,34.75,2.70987176895142,2.78868293762207,3.31591820716858
"312","2016-11-07",17.4234371,78.416275,30.6100006103516,16.8299999237061,0,5160.025390625,73.2399978637695,23.5200004577637,3.52717471122742,3.98759412765503,2.96199440956116
"313","2016-11-08",17.4234371,78.416275,30.3600006103516,15.710000038147,0,5753.27734375,88.5999984741211,19.4899997711182,3.21986865997314,3.3412549495697,2.48471474647522
"314","2016-11-09",17.4234371,78.416275,30.4699993133545,15.1499996185303,0,5563.89404296875,76.7900009155273,23.3899993896484,2.47557592391968,2.92640352249146,2.05714631080627
"315","2016-11-10",17.4234371,78.416275,30.2199993133545,14.1599998474121,0,5950.92431640625,75.25,18.5400009155273,2.9186680316925,3.29742479324341,2.2027690410614
"316","2016-11-11",17.4234371,78.416275,29.9799995422363,13.8900003433228,0,5846.48583984375,74.379997253418,22.4599990844727,2.31157660484314,2.8457612991333,2.45467829704285
"317","2016-11-12",17.4234371,78.416275,29.7600002288818,16.0900001525879,0,5526.3544921875,81.5999984741211,34.2099990844727,2.66545820236206,2.70178008079529,2.39298868179321
"318","2016-11-13",17.4234371,78.416275,30.2800006866455,16.6599998474121,0,4853.20849609375,89.7699966430664,34.5699996948242,2.51990532875061,2.68947577476501,2.27686715126038
"319","2016-11-14",17.4234371,78.416275,30.6200008392334,18.1499996185303,0,5080.8662109375,88.9300003051758,50.3699989318848,2.31999468803406,2.36359143257141,2.10353183746338
"320","2016-11-15",17.4234371,78.416275,31.1900005340576,21.5699996948242,0,4757.25830078125,91.2799987792969,49.9500007629395,2.22216606140137,4.03877210617065,2.04422473907471
"321","2016-11-16",17.4234371,78.416275,30.7900009155273,20.1499996185303,0,5052.93115234375,90.0699996948242,47.1399993896484,2.79726576805115,2.85305881500244,2.78084993362427
"322","2016-11-17",17.4234371,78.416275,30.0300006866455,19.7000007629395,0,5016.45361328125,93.5,48.7599983215332,2.79952359199524,3.09043335914612,2.87307214736938
"323","2016-11-18",17.4234371,78.416275,29.8299999237061,18.4300003051758,0,4974.74072265625,89.9000015258789,32.939998626709,3.25002431869507,3.28175020217896,3.09237027168274
"324","2016-11-19",17.4234371,78.416275,29.4899997711182,15.6400003433228,0,3687.1123046875,97.0500030517578,31.8299999237061,3.30713033676147,3.3456118106842,2.62169504165649
"325","2016-11-20",17.4234371,78.416275,29.8199996948242,15.0100002288818,0,4111.3671875,84.120002746582,32.0699996948242,2.47359681129456,2.77329921722412,2.25225210189819
"326","2016-11-21",17.4234371,78.416275,30.5599994659424,16.9699993133545,0,5039.36474609375,79.8000030517578,28.3299999237061,3.01958560943604,3.05941104888916,2.34345865249634
"327","2016-11-22",17.4234371,78.416275,30.9500007629395,14.3999996185303,0,5503.4521484375,83.7799987792969,24.5599994659424,2.23489093780518,2.66440892219543,2.43161916732788
"328","2016-11-23",17.4234371,78.416275,30.5599994659424,14.5500001907349,0,6079.59326171875,89.0299987792969,24.0300006866455,2.55967950820923,2.7688000202179,2.59380674362183
"329","2016-11-24",17.4234371,78.416275,30.6700000762939,14.3299999237061,0,5587.78662109375,84.7399978637695,26.8600006103516,2.18979382514954,2.27687740325928,2.52035903930664
"330","2016-11-25",17.4234371,78.416275,30.8899993896484,14.6300001144409,0,5885.37939453125,90.0400009155273,25.9099998474121,2.58026266098022,3.40807747840881,2.56384062767029
"331","2016-11-26",17.4234371,78.416275,31.6399993896484,14.3900003433228,0,5946.4189453125,77.2300033569336,24.5,3.14468336105347,3.21951794624329,2.86893916130066
"332","2016-11-27",17.4234371,78.416275,32.810001373291,14.0699996948242,0,5850.02392578125,75.8600006103516,20.6399993896484,3.75675630569458,3.87757134437561,2.49748945236206
"333","2016-11-28",17.4234371,78.416275,32.439998626709,13.9899997711182,0,5982.36962890625,79.9000015258789,24.3099994659424,3.7753632068634,3.89592504501343,2.86818599700928
"334","2016-11-29",17.4234371,78.416275,32.4300003051758,15.2700004577637,0,3530.43310546875,80.1600036621094,22.5400009155273,2.71539688110352,2.7679340839386,2.46182584762573
"335","2016-11-30",17.4234371,78.416275,30.2700004577637,15.1300001144409,0,4044.01318359375,80.8899993896484,34.2200012207031,2.31602025032043,2.38390302658081,2.83796644210815
"336","2016-12-01",17.4234371,78.416275,30.0799999237061,15.9099998474121,0.567481875419617,3470.49340820312,85.9199981689453,30.1499996185303,2.25229716300964,3.37000012397766,3.1073625087738
"337","2016-12-02",17.4234371,78.416275,29.5300006866455,17.1399993896484,0,3531.31640625,80.7900009155273,51.3499984741211,3.25574827194214,3.65529322624207,2.82448148727417
"338","2016-12-03",17.4234371,78.416275,30.3899993896484,20.5300006866455,0,4046.61303710938,92.1699981689453,53.2799987792969,3.0016918182373,3.03318977355957,3.05882883071899
"339","2016-12-04",17.4234371,78.416275,30.4799995422363,21.1900005340576,0,4161.66357421875,98.0599975585938,50.560001373291,2.89863324165344,2.9484806060791,2.29561066627502
"340","2016-12-05",17.4234371,78.416275,31.1399993896484,20.1499996185303,0,4873.45849609375,92.6500015258789,38.8800010681152,2.87611031532288,3.3480372428894,2.80992078781128
"341","2016-12-06",17.4234371,78.416275,29.0499992370605,16.4099998474121,0,4530.04248046875,79.1699981689453,33.8199996948242,2.39572405815125,2.4619345664978,3.06848526000977
"342","2016-12-07",17.4234371,78.416275,31.0200004577637,16.1499996185303,0,4990.7314453125,89.0699996948242,32.9099998474121,2.41463208198547,2.84560585021973,2.45179390907288
"343","2016-12-08",17.4234371,78.416275,30.3099994659424,16.1100006103516,0,5042.76953125,77.1100006103516,28.9899997711182,2.35794758796692,3.23782968521118,2.0915994644165
"344","2016-12-09",17.4234371,78.416275,29.4400005340576,14.3000001907349,0,5165.525390625,80.0100021362305,25.1900005340576,2.46908044815063,3.09782934188843,2.54877066612244
"345","2016-12-10",17.4234371,78.416275,29.6100006103516,12.5900001525879,0,5172.822265625,79.4300003051758,23.6200008392334,2.60541939735413,3.05646681785583,2.88187646865845
"346","2016-12-11",17.4234371,78.416275,31.6499996185303,14.4799995422363,0,4500.94140625,72.8300018310547,26.0100002288818,2.47003436088562,2.89671659469604,3.99583983421326
"347","2016-12-12",17.4234371,78.416275,31.5499992370605,18.3899993896484,0.841524302959442,4139.07373046875,63.6599998474121,34.4000015258789,4.14581727981567,4.27020692825317,4.67585134506226
"348","2016-12-13",17.4234371,78.416275,29.4200000762939,20.5499992370605,0,3195.23486328125,88.6500015258789,46.5699996948242,4.24084281921387,4.38469314575195,4.61017990112305
"349","2016-12-14",17.4234371,78.416275,26.1499996185303,21.1000003814697,0,2470.359375,91.8399963378906,63.9500007629395,2.49002552032471,4.39893674850464,3.8154833316803
"350","2016-12-15",17.4234371,78.416275,30.8799991607666,19.6800003051758,0,4107.75732421875,91.8300018310547,43.3800010681152,2.12045788764954,2.49007892608643,2.71145725250244
"351","2016-12-16",17.4234371,78.416275,30.5100002288818,20.2900009155273,0,4387.89599609375,90.4199981689453,47.310001373291,2.72768020629883,2.80375623703003,2.63870692253113
"352","2016-12-17",17.4234371,78.416275,31.3899993896484,18.3099994659424,0,5277.59765625,92.0800018310547,32.060001373291,2.74854111671448,3.11565518379211,2.54088377952576
"353","2016-12-18",17.4234371,78.416275,30.7999992370605,16.7900009155273,0,5208.810546875,83.4800033569336,31.1200008392334,3.12560153007507,3.44562888145447,2.72505354881287
"354","2016-12-19",17.4234371,78.416275,30.8299999237061,16.7099990844727,0,5608.2158203125,91.120002746582,29.6000003814697,2.9254674911499,2.96611833572388,2.38346147537231
"355","2016-12-20",17.4234371,78.416275,31.3600006103516,15.3500003814697,0,4446.24169921875,76.5599975585938,30.1299991607666,2.01108241081238,2.03747367858887,2.33699989318848
"356","2016-12-21",17.4234371,78.416275,30.7999992370605,15.5299997329712,0,5152.38037109375,91.8099975585938,19.4400005340576,3.33173036575317,1.91807401180267,1.94854390621185
"357","2016-12-22",17.4234371,78.416275,31.3600006103516,12.4399995803833,0,5091.73193359375,87.6100006103516,20.9400005340576,2.65627574920654,2.74576544761658,2.54283976554871
"358","2016-12-23",17.4234371,78.416275,31.1800003051758,13.3599996566772,0,5087.619140625,75.8300018310547,18.75,2.52663779258728,2.63048458099365,2.36586594581604
"359","2016-12-24",17.4234371,78.416275,31.1700000762939,12.8999996185303,0,5896.0732421875,84.4800033569336,22.5799999237061,1.9471218585968,2.37724423408508,2.24492692947388
"360","2016-12-25",17.4234371,78.416275,31.8099994659424,13.6899995803833,0,5085.173828125,84.3600006103516,28.6800003051758,1.90250909328461,3.4883713722229,2.35312867164612
"361","2016-12-26",17.4234371,78.416275,31.3899993896484,15.4899997711182,0,5073.83740234375,91.0199966430664,30.7999992370605,2.25375008583069,2.66558122634888,2.4639003276825
"362","2016-12-27",17.4234371,78.416275,29.3600006103516,15.6199998855591,0,5746.82763671875,82.75,27.6900005340576,3.19982242584229,3.32345700263977,3.26221561431885
"363","2016-12-28",17.4234371,78.416275,29.2199993133545,12.3800001144409,0,4397.29248046875,74.379997253418,30.4200000762939,1.87159478664398,2.26122069358826,2.5545597076416
"364","2016-12-29",17.4234371,78.416275,29,14.0699996948242,0,5559.353515625,83.9700012207031,35.2700004577637,2.86576390266418,3.52657508850098,2.70267653465271
"365","2016-12-30",17.4234371,78.416275,30.9799995422363,15.6300001144409,0,5577.904296875,87.2200012207031,32.4199981689453,1.83025217056274,3.11280417442322,2.73099946975708
"366","2016-12-31",17.4234371,78.416275,31.3299999237061,15.5799999237061,0,5154.62841796875,91.4499969482422,33.0800018310547,2.08190751075745,2.77740454673767,3.04742360115051
