"","latitude","longitude","date","gdd","ppet","accumulatedGdd","accumulatedPpet","pet.amount","accumulatedPrecipitation.amount","accumulatedPet.amount"
"1",9.713951,76.682596,"2016-01-01",17.5250005722046,0,17.5250005722046,0,5.01703680906136,0,5.01703680906136
"2",9.713951,76.682596,"2016-01-02",17.5299987792969,0,35.0549993515015,0,4.99822547431875,0,10.0152622833801
"3",9.713951,76.682596,"2016-01-03",17.4799995422363,0,52.5349988937378,0,5.12427693749788,0,15.139539220878
"4",9.713951,76.682596,"2016-01-04",17.4500007629395,0,69.9849996566772,0,5.04912150235373,0,20.1886607232317
"5",9.713951,76.682596,"2016-01-05",17.6700000762939,0,87.6549997329712,0,5.15302456479282,0,25.3416852880245
"6",9.713951,76.682596,"2016-01-06",18.0450000762939,0,105.699999809265,0,4.72161082519489,0,30.0632961132194
"7",9.713951,76.682596,"2016-01-07",18.2299995422363,0,123.929999351501,0,4.63352137231704,0,34.6968174855365
"8",9.713951,76.682596,"2016-01-08",18.4850006103516,0,142.414999961853,0,4.86353384824669,0,39.5603513337832
"9",9.713951,76.682596,"2016-01-09",18.2650012969971,0,160.68000125885,0,4.86562341746587,0,44.425974751249
"10",9.713951,76.682596,"2016-01-10",18.5349988937378,0,179.215000152588,0,4.73821098338937,0,49.1641857346384
"11",9.713951,76.682596,"2016-01-11",18.2999992370605,0,197.514999389648,0,4.97774244126191,0,54.1419281759003
"12",9.713951,76.682596,"2016-01-12",17.7499990463257,0,215.264998435974,0,5.0338219049611,0,59.1757500808614
"13",9.713951,76.682596,"2016-01-13",17.7849998474121,0,233.049998283386,0,5.04599011273776,0,64.2217401935992
"14",9.713951,76.682596,"2016-01-14",17.8849992752075,0,250.934997558594,0,4.91159234596083,0,69.13333253956
"15",9.713951,76.682596,"2016-01-15",17.3700008392334,0,268.304998397827,0,5.11915152229199,0,74.252484061852
"16",9.713951,76.682596,"2016-01-16",17.8200006484985,0,286.124999046326,0,5.00129647606096,0,79.2537805379129
"17",9.713951,76.682596,"2016-01-17",17.9199991226196,0,304.044998168945,0,5.05505109185452,0,84.3088316297675
"18",9.713951,76.682596,"2016-01-18",18.1500005722046,0,322.19499874115,0,4.9609475887329,0,89.2697792185004
"19",9.713951,76.682596,"2016-01-19",18.3150005340576,0,340.509999275208,0,4.58163724540177,0,93.8514164639021
"20",9.713951,76.682596,"2016-01-20",18.1750001907349,0,358.684999465942,0,3.44976290904892,0,97.301179372951
"21",9.713951,76.682596,"2016-01-21",19.2000007629395,0,377.885000228882,0,4.62795757099283,0,101.929136943944
"22",9.713951,76.682596,"2016-01-22",18.9350004196167,0.856433494973615,396.820000648499,0.856433494973615,4.59700897299407,3.93703246116638,106.526145916938
"23",9.713951,76.682596,"2016-01-23",18.8999996185303,0,415.720000267029,0.856433494973615,4.85083256942327,3.93703246116638,111.376978486361
"24",9.713951,76.682596,"2016-01-24",19.039999961853,0,434.760000228882,0.856433494973615,4.77922078292536,3.93703246116638,116.156199269287
"25",9.713951,76.682596,"2016-01-25",19.4849996566772,0,454.244999885559,0.856433494973615,4.77373113864494,3.93703246116638,120.929930407932
"26",9.713951,76.682596,"2016-01-26",19.1099996566772,0,473.354999542236,0.856433494973615,5.15259193928604,3.93703246116638,126.082522347218
"27",9.713951,76.682596,"2016-01-27",18.8900003433228,0,492.244999885559,0.856433494973615,5.24372445501917,3.93703246116638,131.326246802237
"28",9.713951,76.682596,"2016-01-28",18.914999961853,0,511.159999847412,0.856433494973615,5.42152047816936,3.93703246116638,136.747767280406
"29",9.713951,76.682596,"2016-01-29",18.6700000762939,0,529.829999923706,0.856433494973615,5.53728507411646,3.93703246116638,142.285052354523
"30",9.713951,76.682596,"2016-01-30",18.4350004196167,0,548.265000343323,0.856433494973615,5.48600239394129,3.93703246116638,147.771054748464
"31",9.713951,76.682596,"2016-01-31",18.0700006484985,0.215762172869212,566.335000991821,1.07219566784283,5.06643770947101,5.03017807006836,152.837492457935
"32",9.713951,76.682596,"2016-02-01",18.0450010299683,0.0359604035904889,584.38000202179,1.10815607143332,5.56178439124894,5.23018208146095,158.399276849184
"33",9.713951,76.682596,"2016-02-02",17.3499994277954,0.473824914626424,601.730001449585,1.58198098605974,5.72082672121619,7.94085231423378,164.1201035704
"34",9.713951,76.682596,"2016-02-03",17.7849998474121,1.10842477387586,619.515001296997,2.6904057599356,5.41164092940594,13.9392491877079,169.531744499806
"35",9.713951,76.682596,"2016-02-04",17.7050008773804,0,637.220002174377,2.6904057599356,5.29199222582396,13.9392491877079,174.82373672563
"36",9.713951,76.682596,"2016-02-05",17.9699993133545,0,655.190001487732,2.6904057599356,5.64348415847526,13.9392491877079,180.467220884105
"37",9.713951,76.682596,"2016-02-06",18.0649995803833,0,673.255001068115,2.6904057599356,5.85237890981491,13.9392491877079,186.31959979392
"38",9.713951,76.682596,"2016-02-07",19.0450010299683,0,692.300002098083,2.6904057599356,5.50118130340265,13.9392491877079,191.820781097323
"39",9.713951,76.682596,"2016-02-08",18.8800001144409,0,711.180002212524,2.6904057599356,5.27566273553181,13.9392491877079,197.096443832855
"40",9.713951,76.682596,"2016-02-09",19.2349996566772,0.571110644067838,730.415001869202,3.26151640400344,5.49416796538581,17.0770269930363,202.59061179824
"41",9.713951,76.682596,"2016-02-10",19.3199996948242,0.11263576674882,749.735001564026,3.37415217075226,5.7609488060921,17.7259158790112,208.351560604332
"42",9.713951,76.682596,"2016-02-11",19.0349998474121,0,768.770001411438,3.37415217075226,5.43478603651244,17.7259158790112,213.786346640845
"43",9.713951,76.682596,"2016-02-12",19.2750005722046,0,788.045001983643,3.37415217075226,5.87186917580638,17.7259158790112,219.658215816651
"44",9.713951,76.682596,"2016-02-13",19.2650003433228,0,807.310002326965,3.37415217075226,6.00103156004074,17.7259158790112,225.659247376692
"45",9.713951,76.682596,"2016-02-14",19.1199989318848,0,826.43000125885,3.37415217075226,5.79534406696031,17.7259158790112,231.454591443652
"46",9.713951,76.682596,"2016-02-15",19.1249990463257,0,845.555000305176,3.37415217075226,5.78512822691558,17.7259158790112,237.239719670568
"47",9.713951,76.682596,"2016-02-16",19.8899993896484,0,865.444999694824,3.37415217075226,5.99170272986596,17.7259158790112,243.231422400434
"48",9.713951,76.682596,"2016-02-17",20.0500001907349,0,885.494999885559,3.37415217075226,5.25922574266881,17.7259158790112,248.490648143103
"49",9.713951,76.682596,"2016-02-18",20.375,0,905.869999885559,3.37415217075226,5.06966807758168,17.7259158790112,253.560316220684
"50",9.713951,76.682596,"2016-02-19",20.3099994659424,0,926.179999351501,3.37415217075226,5.57036005570524,17.7259158790112,259.13067627639
"51",9.713951,76.682596,"2016-02-20",20.0949993133545,0,946.274998664856,3.37415217075226,5.86413389815406,17.7259158790112,264.994810174544
"52",9.713951,76.682596,"2016-02-21",19.835000038147,0.0901510657810262,966.109998703003,3.46430323653328,6.14605152497564,18.2799889743328,271.140861699519
"53",9.713951,76.682596,"2016-02-22",20.8299999237061,0,986.939998626709,3.46430323653328,6.58412139127855,18.2799889743328,277.724983090798
"54",9.713951,76.682596,"2016-02-23",19.6449995040894,0,1006.5849981308,3.46430323653328,6.03214600425744,18.2799889743328,283.757129095055
"55",9.713951,76.682596,"2016-02-24",19.4950008392334,0,1026.07999897003,3.46430323653328,6.4364867545619,18.2799889743328,290.193615849617
"56",9.713951,76.682596,"2016-02-25",20.1300001144409,0.102876726255097,1046.20999908447,3.56717996278838,6.36503540435734,18.9348029792309,296.558651253975
"57",9.713951,76.682596,"2016-02-26",20.8250007629395,0,1067.03499984741,3.56717996278838,6.57279550086155,18.9348029792309,303.131446754836
"58",9.713951,76.682596,"2016-02-27",20.1749992370605,0,1087.20999908447,3.56717996278838,6.4703499387633,18.9348029792309,309.601796693599
"59",9.713951,76.682596,"2016-02-28",20.4400005340576,0,1107.64999961853,3.56717996278838,6.64665687559884,18.9348029792309,316.248453569198
"60",9.713951,76.682596,"2016-02-29",20.2699995040894,0,1127.91999912262,3.56717996278838,6.3643350463733,18.9348029792309,322.612788615572
"61",9.713951,76.682596,"2016-03-01",20.2350006103516,0.0740884982938129,1148.15499973297,3.64126846108219,6.74868584887697,19.4348029792309,329.361474464449
"62",9.713951,76.682596,"2016-03-02",20.1049995422363,0,1168.25999927521,3.64126846108219,6.50580725467205,19.4348029792309,335.867281719121
"63",9.713951,76.682596,"2016-03-03",20.1349992752075,0,1188.39499855042,3.64126846108219,6.67954408849984,19.4348029792309,342.54682580762
"64",9.713951,76.682596,"2016-03-04",19.9750003814697,0,1208.36999893188,3.64126846108219,6.72429973768257,19.4348029792309,349.271125545303
"65",9.713951,76.682596,"2016-03-05",20.0649995803833,0,1228.43499851227,3.64126846108219,6.94835852688945,19.4348029792309,356.219484072192
"66",9.713951,76.682596,"2016-03-06",20.0349988937378,0,1248.46999740601,3.64126846108219,6.86949991841563,19.4348029792309,363.088983990608
"67",9.713951,76.682596,"2016-03-07",20.2650003433228,0,1268.73499774933,3.64126846108219,6.95702951211435,19.4348029792309,370.046013502722
"68",9.713951,76.682596,"2016-03-08",20.4200000762939,0,1289.15499782562,3.64126846108219,6.68005164796535,19.4348029792309,376.726065150688
"69",9.713951,76.682596,"2016-03-09",20.4950008392334,0.00823252951500315,1309.64999866486,3.64950099059719,6.83810342318084,19.4910978674889,383.564168573869
"70",9.713951,76.682596,"2016-03-10",20.9300003051758,0.00957127735295506,1330.57999897003,3.65907226795015,6.6171522150857,19.5544324666262,390.181320788954
"71",9.713951,76.682596,"2016-03-11",21.0450010299683,6.12033039177218,1351.625,9.77940265972233,6.75051716338168,60.8698278218508,396.931837952336
"72",9.713951,76.682596,"2016-03-12",21.1500005722046,5.27308109137434,1372.7750005722,15.0524837510967,6.88599346137501,97.1802297383547,403.817831413711
"73",9.713951,76.682596,"2016-03-13",21.2649993896484,0.938545813191985,1394.03999996185,15.9910295642887,6.77270045746339,103.53671939671,410.590531871174
"74",9.713951,76.682596,"2016-03-14",21.6400003433228,0,1415.68000030518,15.9910295642887,6.96776948101491,103.53671939671,417.558301352189
"75",9.713951,76.682596,"2016-03-15",21.125,3.26443462685714,1436.80500030518,19.2554641911458,6.86466328747658,125.945963934064,424.422964639666
"76",9.713951,76.682596,"2016-03-16",21,0.0310048672362583,1457.80500030518,19.2864690583821,7.10759548059879,126.166333988309,431.530560120265
"77",9.713951,76.682596,"2016-03-17",21.1550006866455,0,1478.96000099182,19.2864690583821,7.16632611910971,126.166333988309,438.696886239374
"78",9.713951,76.682596,"2016-03-18",21.0799999237061,0,1500.04000091553,19.2864690583821,7.07434677025843,126.166333988309,445.771233009633
"79",9.713951,76.682596,"2016-03-19",21.5150003433228,0,1521.55500125885,19.2864690583821,7.13623791274653,126.166333988309,452.907470922379
"80",9.713951,76.682596,"2016-03-20",21.7649993896484,0,1543.3200006485,19.2864690583821,6.99717971386115,126.166333988309,459.90465063624
"81",9.713951,76.682596,"2016-03-21",21.7799987792969,0,1565.0999994278,19.2864690583821,6.92361968148522,126.166333988309,466.828270317726
"82",9.713951,76.682596,"2016-03-22",21.8400011062622,0.353345069347572,1586.94000053406,19.6398141277296,6.83938152529359,128.582995727658,473.667651843019
"83",9.713951,76.682596,"2016-03-23",21.9900007247925,0.0348381845548602,1608.93000125885,19.6746523122845,6.79344779796351,128.819667115808,480.461099640983
"84",9.713951,76.682596,"2016-03-24",22.1299991607666,0.802573009241949,1631.06000041962,20.4772253215264,7.06054767662794,134.486272111535,487.521647317611
"85",9.713951,76.682596,"2016-03-25",21.7349987030029,0.427648224861073,1652.79499912262,20.9048735463875,7.2646835646714,137.593001142144,494.786330882282
"86",9.713951,76.682596,"2016-03-26",21.2249994277954,0,1674.01999855042,20.9048735463875,6.98270417718506,137.593001142144,501.769035059467
"87",9.713951,76.682596,"2016-03-27",21.0100002288818,0,1695.0299987793,20.9048735463875,7.0543205899114,137.593001142144,508.823355649379
"88",9.713951,76.682596,"2016-03-28",21.3649997711182,0.0244886838041624,1716.39499855042,20.9293622301917,7.01742704652307,137.764848694205,515.840782695902
"89",9.713951,76.682596,"2016-03-29",21.3049993515015,1.03622633658189,1737.69999790192,21.9655885667736,7.05357957175988,145.073953613639,522.894362267661
"90",9.713951,76.682596,"2016-03-30",21.5,0.106420502724035,1759.19999790192,22.0720090694976,6.73262087154779,145.790442511439,529.626983139209
"91",9.713951,76.682596,"2016-03-31",21.4849996566772,0.501809058408183,1780.68499755859,22.5738181279058,6.86701339791224,149.236372038722,536.493996537121
"92",9.713951,76.682596,"2016-04-01",21.585000038147,0,1802.26999759674,22.5738181279058,7.14177081255104,149.236372038722,543.635767349673
"93",9.713951,76.682596,"2016-04-02",21.5249996185303,0,1823.79499721527,22.5738181279058,7.34852015476481,149.236372038722,550.984287504437
"94",9.713951,76.682596,"2016-04-03",21.9650001525879,0,1845.75999736786,22.5738181279058,7.40842591574165,149.236372038722,558.392713420179
"95",9.713951,76.682596,"2016-04-04",22.0349988937378,0,1867.7949962616,22.5738181279058,7.30828272961369,149.236372038722,565.700996149793
"96",9.713951,76.682596,"2016-04-05",21.9050006866455,0.0151091551353643,1889.69999694824,22.5889272830411,6.91265946002987,149.340816482902,572.613655609823
"97",9.713951,76.682596,"2016-04-06",21.8949995040894,0.288141068005056,1911.59499645233,22.8770683510462,7.2186861043687,151.420816406608,579.832341714191
"98",9.713951,76.682596,"2016-04-07",22.2300004959106,0.0208308058083169,1933.82499694824,22.8978991568545,7.37882036489406,151.574523180723,587.211162079085
"99",9.713951,76.682596,"2016-04-08",21.9799995422363,1.75402982133328,1955.80499649048,24.6519289781878,7.03909018597656,163.921297281981,594.250252265062
"100",9.713951,76.682596,"2016-04-09",20.2749996185303,1.45325983859194,1976.07999610901,26.1051888167797,5.42005291471536,171.79804250598,599.670305179777
"101",9.713951,76.682596,"2016-04-10",21.4349994659424,0.259607053086909,1997.51499557495,26.3647958698667,6.76022152116567,173.553043693304,606.430526700943
"102",9.713951,76.682596,"2016-04-11",21.850001335144,0.279117908069057,2019.3649969101,26.6439137779357,7.14950772264045,175.548599332571,613.580034423583
"103",9.713951,76.682596,"2016-04-12",22.1149997711182,0,2041.47999668121,26.6439137779357,7.26429706339892,175.548599332571,620.844331486982
"104",9.713951,76.682596,"2016-04-13",22.2799987792969,0,2063.75999546051,26.6439137779357,7.18988157370767,175.548599332571,628.03421306069
"105",9.713951,76.682596,"2016-04-14",22.6800003051758,5.63500427560526,2086.43999576569,32.278918053541,6.9746551802311,214.850811094046,635.008868240921
"106",9.713951,76.682596,"2016-04-15",22.3950004577637,1.1068172386181,2108.83499622345,33.3857352921591,6.84394816503108,222.425810903311,641.852816405952
"107",9.713951,76.682596,"2016-04-16",22.539999961853,0,2131.3749961853,33.3857352921591,7.27047074503593,222.425810903311,649.123287150988
"108",9.713951,76.682596,"2016-04-17",22.3199996948242,0.221465230772477,2153.69499588013,33.6072005229316,7.10419986879829,223.999144166708,656.227487019786
"109",9.713951,76.682596,"2016-04-18",22.1649990081787,0,2175.85999488831,33.6072005229316,7.10100402513578,223.999144166708,663.328491044922
"110",9.713951,76.682596,"2016-04-19",22.0950002670288,0.463050419920234,2197.95499515533,34.0702509428518,6.52914749567511,227.022468656301,669.857638540597
"111",9.713951,76.682596,"2016-04-20",21.7799997329712,0.0823035011097883,2219.73499488831,34.1525544439616,6.06168152469452,227.521366268396,675.919320065292
"112",9.713951,76.682596,"2016-04-21",21.7400007247925,0,2241.4749956131,34.1525544439616,6.54389283255746,227.521366268396,682.463212897849
"113",9.713951,76.682596,"2016-04-22",22.6300001144409,0,2264.10499572754,34.1525544439616,7.53463605676673,227.521366268396,689.997848954616
"114",9.713951,76.682596,"2016-04-23",22.0900001525879,0,2286.19499588013,34.1525544439616,7.12915275443862,227.521366268396,697.127001709055
"115",9.713951,76.682596,"2016-04-24",22.350001335144,0.014815701231904,2308.54499721527,34.1673701451935,7.31206256329331,227.629699602723,704.439064272348
"116",9.713951,76.682596,"2016-04-25",22.3149995803833,0,2330.85999679565,34.1673701451935,7.403976712021,227.629699602723,711.843040984369
"117",9.713951,76.682596,"2016-04-26",22.0499992370605,0,2352.90999603271,34.1673701451935,6.87439827069677,227.629699602723,718.717439255066
"118",9.713951,76.682596,"2016-04-27",21.8850002288818,0,2374.7949962616,34.1673701451935,6.56515191088741,227.629699602723,725.282591165953
"119",9.713951,76.682596,"2016-04-28",22.4499998092651,0.620151436934279,2397.24499607086,34.7875215821278,6.82088081444985,231.859678640962,732.103471980403
"120",9.713951,76.682596,"2016-04-29",22.0950002670288,0.30569724508706,2419.33999633789,35.0932188272148,6.7963111396576,233.937292233109,738.899783120061
"121",9.713951,76.682596,"2016-04-30",22.0299997329712,NA,2441.36999607086,NA,NA,257.454399242997,738.899783120061
"122",9.713951,76.682596,"2016-05-01",21.2049989700317,NA,2462.57499504089,NA,NA,272.451366558671,738.899783120061
"123",9.713951,76.682596,"2016-05-02",22.2900009155273,0,2484.86499595642,NA,7.23765966833023,272.451366558671,746.137442788391
"124",9.713951,76.682596,"2016-05-03",22.4750003814697,0,2507.33999633789,NA,6.97205903880955,272.451366558671,753.109501827201
"125",9.713951,76.682596,"2016-05-04",22.0099992752075,0.122640686203243,2529.3499956131,NA,6.7133787986318,273.274699941278,759.822880625832
"126",9.713951,76.682596,"2016-05-05",21.2499990463257,1.36940344218501,2550.59999465942,NA,6.28985281803451,281.888046041131,766.112733443867
"127",9.713951,76.682596,"2016-05-06",21.4949998855591,0.366076746703328,2572.09499454498,NA,6.12804107306269,284.131379380822,772.24077451693
"128",9.713951,76.682596,"2016-05-07",21.539999961853,0.858986769022277,2593.63499450684,NA,6.2922907344831,289.536373868585,778.533065251413
"129",9.713951,76.682596,"2016-05-08",21.6699991226196,0.557063278919911,2615.30499362946,NA,6.28394334583506,293.036927953362,784.817008597248
"130",9.713951,76.682596,"2016-05-09",21.3850011825562,0,2636.68999481201,NA,6.13468259455906,293.036927953362,790.951691191807
"131",9.713951,76.682596,"2016-05-10",20.6700010299683,8.21566817968641,2657.35999584198,NA,5.61211806468642,339.14422775805,796.563809256493
"132",9.713951,76.682596,"2016-05-11",19.9450006484985,2.9521970353993,2677.30499649048,NA,5.03329180402794,354.003496900201,801.597101060521
"133",9.713951,76.682596,"2016-05-12",20.0799999237061,0.343702792485947,2697.38499641418,NA,4.90304517989582,355.688687220216,806.500146240417
"134",9.713951,76.682596,"2016-05-13",21.1150007247925,2.95060034544784,2718.49999713898,NA,5.83271746189227,372.898705378175,812.332863702309
"135",9.713951,76.682596,"2016-05-14",20.4950008392334,1.72382506741127,2738.99499797821,NA,5.63001506251451,382.60386647284,817.962878764824
"136",9.713951,76.682596,"2016-05-15",19.1349992752075,2.46773275858201,2758.12999725342,NA,4.34164352822782,393.317882433534,822.304522293052
"137",9.713951,76.682596,"2016-05-16",17.2049999237061,9.25430123752766,2775.33499717712,NA,2.68045772532642,418.123645678163,824.984980018378
"138",9.713951,76.682596,"2016-05-17",16.9649991989136,13.0698161160989,2792.29999637604,NA,3.02768405096141,457.694919481874,828.012664069339
"139",9.713951,76.682596,"2016-05-18",18.4849996566772,3.24843547170568,2810.78499603271,NA,3.24316479575276,468.230131044984,831.255828865092
"140",9.713951,76.682596,"2016-05-19",19.4399995803833,0.20810828847145,2830.2249956131,NA,3.91267226833917,469.044390574098,835.168501133431
"141",9.713951,76.682596,"2016-05-20",18.7050008773804,0.800319654279343,2848.92999649048,NA,3.81397947487,472.096793308854,838.982480608301
"142",9.713951,76.682596,"2016-05-21",20.3800010681152,0,2869.30999755859,NA,5.34906745966338,472.096793308854,844.331548067965
"143",9.713951,76.682596,"2016-05-22",21.4150009155273,0,2890.72499847412,NA,5.9833741325758,472.096793308854,850.314922200541
"144",9.713951,76.682596,"2016-05-23",21.4400005340576,0.61772800195124,2912.16499900818,NA,6.05444467099285,475.836793318391,856.369366871533
"145",9.713951,76.682596,"2016-05-24",21.0900001525879,5.20848090423401,2933.25499916077,NA,5.76047509059256,505.840117827058,862.129841962126
"146",9.713951,76.682596,"2016-05-25",20.5249996185303,8.44363577606175,2953.7799987793,NA,5.03197938284053,548.328318968415,867.161821344966
"147",9.713951,76.682596,"2016-05-26",20.3599996566772,0.424453497668315,2974.13999843597,NA,5.38826884843932,550.615388527513,872.550090193406
"148",9.713951,76.682596,"2016-05-27",19.6999988555908,3.53454315386378,2993.83999729156,NA,4.80325770140821,567.592710152268,877.353347894814
"149",9.713951,76.682596,"2016-05-28",18.9700002670288,2.96107184534643,3012.80999755859,NA,4.64215363394464,581.338460579515,881.995501528759
"150",9.713951,76.682596,"2016-05-29",18.7850008010864,0.741779624255124,3031.59499835968,NA,4.59954181504155,584.750306978822,886.5950433438
"151",9.713951,76.682596,"2016-05-30",19.3249998092651,2.65264642478512,3050.91999816895,NA,4.81629601491197,597.526237383485,891.411339358712
"152",9.713951,76.682596,"2016-05-31",19.0500011444092,1.32615422716877,3069.96999931335,NA,3.93633743203428,602.74642790854,895.347676790747
"153",9.713951,76.682596,"2016-06-01",18.2950010299683,3.49673904882266,3088.26500034332,NA,4.64256302199774,618.980259314179,899.990239812744
"154",9.713951,76.682596,"2016-06-02",18.8950004577637,0.742512590118592,3107.16000080109,NA,4.18706274022287,622.089206114411,904.177302552967
"155",9.713951,76.682596,"2016-06-03",19.1899995803833,0.788022443171064,3126.35000038147,NA,4.38195119402597,625.542282000184,908.559253746993
"156",9.713951,76.682596,"2016-06-04",19.3199996948242,1.68222406497753,3145.67000007629,NA,4.16406335321634,632.547169581056,912.723317100209
"157",9.713951,76.682596,"2016-06-05",19.3150005340576,0.568797077436317,3164.98500061035,NA,4.00944188183618,634.827728405595,916.732758982046
"158",9.713951,76.682596,"2016-06-06",19.1650009155273,4.92584413554694,3184.15000152588,NA,4.18961802842679,655.465133801103,920.922377010472
"159",9.713951,76.682596,"2016-06-07",18.7000007629395,1.83297308937606,3202.85000228882,NA,3.57608665586029,662.020004406571,924.498463666333
"160",9.713951,76.682596,"2016-06-08",17.6400003433228,14.1547133543428,3220.49000263214,NA,2.89680340088746,703.023426190019,927.39526706722
"161",9.713951,76.682596,"2016-06-09",18.3450002670288,5.9692863773785,3238.83500289917,NA,3.03169016878342,721.12045301497,930.426957236004
"162",9.713951,76.682596,"2016-06-10",17.8649997711182,1.99790686239391,3256.70000267029,NA,3.16379162488151,727.441414013505,933.590748860885
"163",9.713951,76.682596,"2016-06-11",18.585000038147,1.9085715642366,3275.28500270844,NA,3.49234556883171,734.106805458665,937.083094429717
"164",9.713951,76.682596,"2016-06-12",18.7799997329712,0.10436706470926,3294.06500244141,NA,4.1732648720776,734.542356863618,941.256359301795
"165",9.713951,76.682596,"2016-06-13",18.9250001907349,0.14133574425935,3312.99000263214,NA,4.11290125975894,735.123656824231,945.369260561553
"166",9.713951,76.682596,"2016-06-14",19.6399993896484,0.143612894665851,3332.63000202179,NA,4.64210883072888,735.790323510766,950.011369392282
"167",9.713951,76.682596,"2016-06-15",19.6999988555908,0,3352.33000087738,NA,4.97848898864993,735.790323510766,954.989858380932
"168",9.713951,76.682596,"2016-06-16",18.3100004196167,1.62114836757005,3370.640001297,NA,3.86899379948745,742.062536492944,958.85885218042
"169",9.713951,76.682596,"2016-06-17",18.0199995040894,2.16119297355883,3388.66000080109,NA,3.65266040584384,749.95664049685,962.511512586264
"170",9.713951,76.682596,"2016-06-18",17.0100002288818,4.56591872464431,3405.67000102997,NA,3.00956231590014,763.698057428002,965.521074902164
"171",9.713951,76.682596,"2016-06-19",18.0600004196167,0,3423.73000144958,NA,3.78837758619382,763.698057428002,969.309452488357
"172",9.713951,76.682596,"2016-06-20",18.1100006103516,0.081981143565753,3441.84000205994,NA,3.52384535156021,763.986946299672,972.833297839918
"173",9.713951,76.682596,"2016-06-21",17.335000038147,0,3459.17500209808,NA,3.14770471386801,763.986946299672,975.981002553786
"174",9.713951,76.682596,"2016-06-22",18.0649995803833,2.64550739727539,3477.24000167847,NA,3.42362390506299,773.044168666005,979.404626458849
"175",9.713951,76.682596,"2016-06-23",17.6599998474121,0.598551338990661,3494.90000152588,NA,3.25384886716269,774.991764262319,982.658475326011
"176",9.713951,76.682596,"2016-06-24",17.6550006866455,1.10456270712199,3512.55500221252,NA,3.26306310976935,778.596022084355,985.921538435781
"177",9.713951,76.682596,"2016-06-25",17.8599996566772,0,3530.4150018692,NA,3.69571793197525,778.596022084355,989.617256367756
"178",9.713951,76.682596,"2016-06-26",18.6400003433228,0.518094164219912,3549.05500221252,NA,3.62214177866184,780.472632601857,993.239398146418
"179",9.713951,76.682596,"2016-06-27",18.6450004577637,2.06116410017948,3567.70000267029,NA,3.34522245580229,787.367685034871,996.58462060222
"180",9.713951,76.682596,"2016-06-28",17,2.26816728779528,3584.70000267029,NA,2.50374758168031,793.046603396535,999.0883681839
"181",9.713951,76.682596,"2016-06-29",17.8800001144409,1.18446026294405,3602.58000278473,NA,2.69379540765377,796.237297013402,1001.78216359155
"182",9.713951,76.682596,"2016-06-30",18.5900001525879,3.11470054620069,3621.17000293732,NA,3.17349058131509,806.121769860387,1004.95565417287
"183",9.713951,76.682596,"2016-07-01",19.4199991226196,0,3640.59000205994,NA,4.18354954233935,806.121769860387,1009.13920371521
"184",9.713951,76.682596,"2016-07-02",19.75,0,3660.34000205994,NA,4.62254497124896,806.121769860387,1013.76174868646
"185",9.713951,76.682596,"2016-07-03",19.1999998092651,0,3679.5400018692,NA,4.36119530048522,806.121769860387,1018.12294398694
"186",9.713951,76.682596,"2016-07-04",18.0699996948242,2.10582175056183,3697.61000156403,NA,3.070851887977,812.588436558843,1021.19379587492
"187",9.713951,76.682596,"2016-07-05",18.4749994277954,0,3716.08500099182,NA,3.33700261098939,812.588436558843,1024.53079848591
"188",9.713951,76.682596,"2016-07-06",18.4299993515015,6.82474853832859,3734.51500034332,NA,2.86400472497611,832.13454861939,1027.39480321089
"189",9.713951,76.682596,"2016-07-07",18.8299999237061,0,3753.34500026703,NA,3.38697142894832,832.13454861939,1030.78177463983
"190",9.713951,76.682596,"2016-07-08",18.0799999237061,0.546696703124547,3771.42500019073,NA,2.99407918270491,833.771401837468,1033.77585382254
"191",9.713951,76.682596,"2016-07-09",17.7650003433228,5.14562432875853,3789.19000053406,NA,2.95472189995565,848.975290730596,1036.73057572249
"192",9.713951,76.682596,"2016-07-10",17.6850004196167,1.28436193145211,3806.87500095367,NA,3.03683584161987,852.875687077641,1039.76741156411
"193",9.713951,76.682596,"2016-07-11",17.8150005340576,4.28784566216844,3824.69000148773,NA,3.55280134380172,868.109550908208,1043.32021290792
"194",9.713951,76.682596,"2016-07-12",17.5699996948242,1.56719947127874,3842.26000118256,NA,3.85933389685102,874.157896950841,1047.17954680477
"195",9.713951,76.682596,"2016-07-13",17.7950000762939,0,3860.05500125885,NA,3.91956198266131,874.157896950841,1051.09910878743
"196",9.713951,76.682596,"2016-07-14",18.0150003433228,0.0490466006160968,3878.07000160217,NA,3.39812891291433,874.324563622475,1054.49723770034
"197",9.713951,76.682596,"2016-07-15",17.6450004577637,4.4320671083345,3895.71500205994,NA,3.39140968474294,889.355518937111,1057.88864738509
"198",9.713951,76.682596,"2016-07-16",17.8850002288818,5.24909977947382,3913.60000228882,NA,3.44015926853321,907.413258194923,1061.32880665362
"199",9.713951,76.682596,"2016-07-17",17.9200000762939,0.957476417480855,3931.52000236511,NA,3.35236681102991,910.62307035923,1064.68117346465
"200",9.713951,76.682596,"2016-07-18",18.125,5.30482516451589,3949.64500236511,NA,3.32906730432983,928.283190369606,1068.01024076898
"201",9.713951,76.682596,"2016-07-19",18.0999994277954,0.128421967306671,3967.74500179291,NA,3.71172213845992,928.759857028723,1071.72196290744
"202",9.713951,76.682596,"2016-07-20",18.7300004959106,0.189405903597971,3986.47500228882,NA,3.74659027804365,929.469483345747,1075.46855318548
"203",9.713951,76.682596,"2016-07-21",18.0699996948242,0.376193849185923,4004.54500198364,NA,3.62206205248643,930.832080811262,1079.09061523797
"204",9.713951,76.682596,"2016-07-22",18.7249994277954,0,4023.27000141144,NA,3.46798624222345,930.832080811262,1082.55860148019
"205",9.713951,76.682596,"2016-07-23",17.3800001144409,0.959645592150468,4040.65000152588,NA,2.89762201371136,933.612771004438,1085.4562234939
"206",9.713951,76.682596,"2016-07-24",17.3649997711182,5.82784222923722,4058.015001297,NA,2.96100851001411,950.869061440229,1088.41723200392
"207",9.713951,76.682596,"2016-07-25",18.2749996185303,3.8728713315071,4076.29000091553,NA,3.72828029144684,965.308211296797,1092.14551229536
"208",9.713951,76.682596,"2016-07-26",18.2250003814697,4.09356161545817,4094.515001297,NA,3.32498700160855,978.919250458479,1095.47049929697
"209",9.713951,76.682596,"2016-07-27",18.2449998855591,7.38432800364002,4112.76000118256,NA,3.46255135837859,1004.4878654182,1098.93305065535
"210",9.713951,76.682596,"2016-07-28",18.2600002288818,2.85912894019262,4131.02000141144,NA,3.98666885794026,1015.8862657249,1102.91971951329
"211",9.713951,76.682596,"2016-07-29",18.1450004577637,2.78714809840087,4149.1650018692,NA,3.18732569025278,1024.76981446147,1106.10704520354
"212",9.713951,76.682596,"2016-07-30",18.3800001144409,0.81436232479394,4167.54500198364,NA,3.43010357335949,1027.56316158175,1109.5371487769
"213",9.713951,76.682596,"2016-07-31",18.8800001144409,0,4186.42500209808,NA,3.76259276382357,1027.56316158175,1113.29974154073
"214",9.713951,76.682596,"2016-08-01",19.4849996566772,0,4205.91000175476,NA,4.39461079335597,1027.56316158175,1117.69435233408
"215",9.713951,76.682596,"2016-08-02",19.5300006866455,0.0314351324708789,4225.44000244141,NA,4.14730300134628,1027.693532601,1121.84165533543
"216",9.713951,76.682596,"2016-08-03",19.2299995422363,0.0849406738769145,4244.67000198364,NA,5.28474804469837,1028.14242266119,1127.12640338013
"217",9.713951,76.682596,"2016-08-04",18.5749998092651,0.377167292532209,4263.24500179291,NA,3.87392294644767,1029.60353969038,1131.00032632658
"218",9.713951,76.682596,"2016-08-05",18,0.0838686819765942,4281.24500179291,NA,3.66755196750897,1029.91113243997,1134.66787829408
"219",9.713951,76.682596,"2016-08-06",18.9799995422363,0,4300.22500133514,NA,4.61470440971651,1029.91113243997,1139.2825827038
"220",9.713951,76.682596,"2016-08-07",18.4800004959106,0,4318.70500183105,NA,3.7589107602172,1029.91113243997,1143.04149346402
"221",9.713951,76.682596,"2016-08-08",18.8749990463257,0,4337.58000087738,NA,4.52804997827034,1029.91113243997,1147.56954344229
"222",9.713951,76.682596,"2016-08-09",18.9049997329712,0.11088921405588,4356.48500061035,NA,4.30860488075859,1030.38891024888,1151.87814832305
"223",9.713951,76.682596,"2016-08-10",18.7350006103516,0,4375.2200012207,NA,4.40902662248421,1030.38891024888,1156.28717494553
"224",9.713951,76.682596,"2016-08-11",18.7699995040894,0,4393.99000072479,NA,4.50766169829149,1030.38891024888,1160.79483664382
"225",9.713951,76.682596,"2016-08-12",18.9099998474121,0.611187639984604,4412.9000005722,NA,4.37400016307133,1033.06224508584,1165.16883680689
"226",9.713951,76.682596,"2016-08-13",18.960000038147,0,4431.86000061035,NA,4.18092470985703,1033.06224508584,1169.34976151675
"227",9.713951,76.682596,"2016-08-14",18.3949995040894,0,4450.25500011444,NA,3.93633705837272,1033.06224508584,1173.28609857512
"228",9.713951,76.682596,"2016-08-15",18.5799999237061,0,4468.83500003815,NA,4.06925687818056,1033.06224508584,1177.3553554533
"229",9.713951,76.682596,"2016-08-16",18.3100004196167,0,4487.14500045776,NA,4.22167390091324,1033.06224508584,1181.57702935422
"230",9.713951,76.682596,"2016-08-17",18.3900003433228,0,4505.53500080109,NA,4.18444585294374,1033.06224508584,1185.76147520716
"231",9.713951,76.682596,"2016-08-18",18.5799999237061,0.107852338536657,4524.11500072479,NA,4.22388178674026,1033.51780061424,1189.9853569939
"232",9.713951,76.682596,"2016-08-19",18.6249990463257,0,4542.73999977112,NA,4.50627067836118,1033.51780061424,1194.49162767226
"233",9.713951,76.682596,"2016-08-20",18.8350009918213,0,4561.57500076294,NA,4.41092661988825,1033.51780061424,1198.90255429215
"234",9.713951,76.682596,"2016-08-21",19.0499992370605,0,4580.625,NA,4.6205388453748,1033.51780061424,1203.52309313753
"235",9.713951,76.682596,"2016-08-22",19.0600004196167,0,4599.68500041962,NA,4.47340140705164,1033.51780061424,1207.99649454458
"236",9.713951,76.682596,"2016-08-23",19.5000009536743,1.26506083675807,4619.18500137329,NA,4.41671510859772,1039.10521392524,1212.41320965318
"237",9.713951,76.682596,"2016-08-24",19.0199995040894,0,4638.20500087738,NA,4.54815970267122,1039.10521392524,1216.96136935585
"238",9.713951,76.682596,"2016-08-25",18.3049993515015,0.576374583861677,4656.51000022888,NA,3.85551755821235,1041.32743625343,1220.81688691406
"239",9.713951,76.682596,"2016-08-26",18.0249996185303,1.47433499423789,4674.53499984741,NA,3.77771457392912,1046.89705304801,1224.59460148799
"240",9.713951,76.682596,"2016-08-27",18.0649995803833,0.68736466436223,4692.5999994278,NA,3.38954718798604,1049.22690801322,1227.98414867597
"241",9.713951,76.682596,"2016-08-28",18.5249996185303,0.703775269355354,4711.12499904633,NA,4.00853983520063,1052.04801921546,1231.99268851117
"242",9.713951,76.682596,"2016-08-29",18.5300006866455,0.0812428646954522,4729.65499973297,NA,4.10292454010549,1052.38135255873,1236.09561305128
"243",9.713951,76.682596,"2016-08-30",17.25,0.412238040580459,4746.90499973297,NA,3.05018098313804,1053.63875319064,1239.14579403442
"244",9.713951,76.682596,"2016-08-31",17.4250001907349,0.133680193136633,4764.32999992371,NA,3.56577026719732,1054.11542604864,1242.71156430162
"245",9.713951,76.682596,"2016-09-01",17.4549999237061,0,4781.78499984741,NA,3.3258565227295,1054.11542604864,1246.03742082434
"246",9.713951,76.682596,"2016-09-02",17.0250005722046,0,4798.81000041962,NA,2.9760206021454,1054.11542604864,1249.01344142649
"247",9.713951,76.682596,"2016-09-03",17.625,0,4816.43500041962,NA,3.66540672115268,1054.11542604864,1252.67884814764
"248",9.713951,76.682596,"2016-09-04",17.9949998855591,0.247914847513101,4834.43000030518,NA,3.85887244747133,1055.07209782302,1256.53772059511
"249",9.713951,76.682596,"2016-09-05",18.2749996185303,0,4852.70499992371,NA,4.57484403128217,1055.07209782302,1261.1125646264
"250",9.713951,76.682596,"2016-09-06",18.3500003814697,0,4871.05500030518,NA,4.53525490504749,1055.07209782302,1265.64781953144
"251",9.713951,76.682596,"2016-09-07",17.9250001907349,0,4888.98000049591,NA,5.36372551116417,1055.07209782302,1271.01154504261
"252",9.713951,76.682596,"2016-09-08",17.6450004577637,0,4906.62500095367,NA,5.05235859281688,1055.07209782302,1276.06390363543
"253",9.713951,76.682596,"2016-09-09",17.8699998855591,0,4924.49500083923,NA,4.47177984197542,1055.07209782302,1280.5356834774
"254",9.713951,76.682596,"2016-09-10",18.7200002670288,0.0504371688337099,4943.21500110626,NA,5.37522499742726,1055.34320895374,1285.91090847483
"255",9.713951,76.682596,"2016-09-11",18.4499998092651,0,4961.66500091553,NA,4.88076111075133,1055.34320895374,1290.79166958558
"256",9.713951,76.682596,"2016-09-12",18.4099998474121,0,4980.07500076294,NA,4.73550071256024,1055.34320895374,1295.52717029814
"257",9.713951,76.682596,"2016-09-13",18.2200002670288,0,4998.29500102997,NA,4.51746988519783,1055.34320895374,1300.04464018334
"258",9.713951,76.682596,"2016-09-14",18.4000005722046,1.08584088193365,5016.69500160217,NA,4.49420017919489,1060.2231952399,1304.53884036253
"259",9.713951,76.682596,"2016-09-15",18.4900007247925,0.19861941997986,5035.18500232697,NA,4.45675961827863,1061.10839425027,1308.99559998081
"260",9.713951,76.682596,"2016-09-16",18.8949995040894,0,5054.08000183105,NA,4.69754542792632,1061.10839425027,1313.69314540874
"261",9.713951,76.682596,"2016-09-17",18.8050003051758,0,5072.88500213623,NA,4.6676926306237,1061.10839425027,1318.36083803936
"262",9.713951,76.682596,"2016-09-18",18.3649997711182,0.316856783818139,5091.25000190735,NA,4.42716290314771,1062.5111708492,1322.78800094251
"263",9.713951,76.682596,"2016-09-19",18.7249994277954,0,5109.97500133514,NA,4.9032164744091,1062.5111708492,1327.69121741692
"264",9.713951,76.682596,"2016-09-20",19,0,5128.97500133514,NA,5.06882542404026,1062.5111708492,1332.76004284096
"265",9.713951,76.682596,"2016-09-21",18.1949996948242,0,5147.17000102997,NA,4.50370861774038,1062.5111708492,1337.2637514587
"266",9.713951,76.682596,"2016-09-22",18.8249988555908,0,5165.99499988556,NA,4.76949526787783,1062.5111708492,1342.03324672658
"267",9.713951,76.682596,"2016-09-23",18.6050004959106,0,5184.60000038147,NA,4.97537116323971,1062.5111708492,1347.00861788982
"268",9.713951,76.682596,"2016-09-24",18.5949993133545,0,5203.19499969482,NA,4.86625846168624,1062.5111708492,1351.8748763515
"269",9.713951,76.682596,"2016-09-25",18.5799999237061,0,5221.77499961853,NA,4.69546514877299,1062.5111708492,1356.57034150028
"270",9.713951,76.682596,"2016-09-26",18.460000038147,0,5240.23499965668,NA,4.50540594596944,1062.5111708492,1361.07574744624
"271",9.713951,76.682596,"2016-09-27",18.6350002288818,0.449608621389301,5258.86999988556,NA,4.4392465450664,1064.50709436834,1365.51499399131
"272",9.713951,76.682596,"2016-09-28",18.5249996185303,1.54726019264348,5277.39499950409,NA,3.97656733934465,1070.65987871587,1369.49156133066
"273",9.713951,76.682596,"2016-09-29",18.3649997711182,0.283902805104586,5295.75999927521,NA,3.72194681975354,1071.71654985845,1373.21350815041
"274",9.713951,76.682596,"2016-09-30",18.4450006484985,0,5314.20499992371,NA,4.37660174460495,1071.71654985845,1377.59010989501
"275",9.713951,76.682596,"2016-10-01",18.6699991226196,0,5332.87499904633,NA,5.18371321012063,1071.71654985845,1382.77382310514
"276",9.713951,76.682596,"2016-10-02",18.2650003433228,0,5351.13999938965,NA,4.99827579253177,1071.71654985845,1387.77209889767
"277",9.713951,76.682596,"2016-10-03",18.2849998474121,0,5369.42499923706,NA,5.03361722784476,1071.71654985845,1392.80571612551
"278",9.713951,76.682596,"2016-10-04",18.5100002288818,0,5387.93499946594,NA,5.00804547043491,1071.71654985845,1397.81376159595
"279",9.713951,76.682596,"2016-10-05",18.8450002670288,0.406859061927988,5406.77999973297,NA,5.08639136153682,1073.7859942764,1402.90015295748
"280",9.713951,76.682596,"2016-10-06",18.8150005340576,0,5425.59500026703,NA,5.48444796737932,1073.7859942764,1408.38460092486
"281",9.713951,76.682596,"2016-10-07",18.0550003051758,0,5443.6500005722,NA,5.37235429319225,1073.7859942764,1413.75695521806
"282",9.713951,76.682596,"2016-10-08",18.1549997329712,0,5461.80500030518,NA,4.98510838348253,1073.7859942764,1418.74206360154
"283",9.713951,76.682596,"2016-10-09",18.5300006866455,0,5480.33500099182,NA,5.13772899461239,1073.7859942764,1423.87979259615
"284",9.713951,76.682596,"2016-10-10",19.0400009155273,0,5499.37500190735,NA,5.13369220021308,1073.7859942764,1429.01348479636
"285",9.713951,76.682596,"2016-10-11",18.2350006103516,0,5517.6100025177,NA,4.84965768443121,1073.7859942764,1433.86314248079
"286",9.713951,76.682596,"2016-10-12",18.6399993896484,0,5536.25000190735,NA,4.55016017809879,1073.7859942764,1438.41330265889
"287",9.713951,76.682596,"2016-10-13",18.5699996948242,11.3685195713491,5554.82000160217,NA,3.79209884419821,1116.89654420316,1442.20540150309
"288",9.713951,76.682596,"2016-10-14",17.9099998474121,3.46327572093747,5572.73000144958,NA,3.86339717923534,1130.27655385435,1446.06879868233
"289",9.713951,76.682596,"2016-10-15",18.6149997711182,0.920238282509342,5591.3450012207,NA,4.33502908504367,1134.26581357419,1450.40382776737
"290",9.713951,76.682596,"2016-10-16",18.8999996185303,1.5355289231412,5610.24500083923,NA,4.81845694560222,1141.66469357908,1455.22228471297
"291",9.713951,76.682596,"2016-10-17",18.8950004577637,0,5629.140001297,NA,4.20914084800043,1141.66469357908,1459.43142556097
"292",9.713951,76.682596,"2016-10-18",19.3849992752075,0,5648.5250005722,NA,4.9359683470827,1141.66469357908,1464.36739390806
"293",9.713951,76.682596,"2016-10-19",18.8999996185303,0,5667.42500019073,NA,4.81687770541285,1141.66469357908,1469.18427161347
"294",9.713951,76.682596,"2016-10-20",18.7200002670288,1.33116401076108,5686.14500045776,NA,3.92694935565352,1146.89210723341,1473.11122096912
"295",9.713951,76.682596,"2016-10-21",17.8400001525879,1.44823812868657,5703.98500061035,NA,4.06253344547986,1152.77562306821,1477.1737544146
"296",9.713951,76.682596,"2016-10-22",18.1850004196167,0.201007536796524,5722.17000102997,NA,3.95231793869048,1153.57006876171,1481.12607235329
"297",9.713951,76.682596,"2016-10-23",18.3949995040894,0,5740.56500053406,NA,4.64973440631056,1153.57006876171,1485.7758067596
"298",9.713951,76.682596,"2016-10-24",18.4250001907349,0,5758.99000072479,NA,4.75121059778286,1153.57006876171,1490.52701735739
"299",9.713951,76.682596,"2016-10-25",18.4849996566772,0,5777.47500038147,NA,4.71054952499617,1153.57006876171,1495.23756688238
"300",9.713951,76.682596,"2016-10-26",18.7849998474121,0,5796.26000022888,NA,4.5666440354471,1153.57006876171,1499.80421091783
"301",9.713951,76.682596,"2016-10-27",18.4050006866455,0,5814.66500091553,NA,4.08258246564382,1153.57006876171,1503.88679338347
"302",9.713951,76.682596,"2016-10-28",18.9000005722046,0.503254554991573,5833.56500148773,NA,4.63648757698403,1155.90340225399,1508.52328096046
"303",9.713951,76.682596,"2016-10-29",19.1349992752075,0.0668545154470822,5852.70000076294,NA,4.38763709003732,1156.1967356056,1512.91091805049
"304",9.713951,76.682596,"2016-10-30",18.9649991989136,6.55323102445318,5871.66499996185,NA,4.16789095505931,1183.50988791883,1517.07880900555
"305",9.713951,76.682596,"2016-10-31",17.7799997329712,13.8227109585666,5889.44499969482,NA,3.18701508380111,1227.5630762428,1520.26582408935
"306",9.713951,76.682596,"2016-11-01",18.4300003051758,5.0093234656095,5907.875,NA,3.69724433897461,1246.08376906812,1523.96306842833
"307",9.713951,76.682596,"2016-11-02",18.5100002288818,1.42951828669492,5926.38500022888,NA,3.96171724207633,1251.74711631238,1527.92478567041
"308",9.713951,76.682596,"2016-11-03",18.3850002288818,4.68387370009458,5944.77000045776,NA,3.79397224807881,1269.51760314405,1531.71875791848
"309",9.713951,76.682596,"2016-11-04",18.2350006103516,0,5963.00500106812,NA,3.77372979812202,1269.51760314405,1535.49248771661
"310",9.713951,76.682596,"2016-11-05",18.7799997329712,0,5981.78500080109,NA,4.59198841719721,1269.51760314405,1540.0844761338
"311",9.713951,76.682596,"2016-11-06",18.5350008010864,0,6000.32000160217,NA,5.02434057270715,1269.51760314405,1545.10881670651
"312",9.713951,76.682596,"2016-11-07",18.9450006484985,0,6019.26500225067,NA,5.47393504371355,1269.51760314405,1550.58275175022
"313",9.713951,76.682596,"2016-11-08",18.3949995040894,0,6037.66000175476,NA,4.78603268014135,1269.51760314405,1555.36878443037
"314",9.713951,76.682596,"2016-11-09",18.289999961853,0,6055.95000171661,NA,4.22182479614242,1269.51760314405,1559.59060922651
"315",9.713951,76.682596,"2016-11-10",18.560001373291,0,6074.5100030899,NA,4.80594504762929,1269.51760314405,1564.39655427414
"316",9.713951,76.682596,"2016-11-11",18.375,0,6092.8850030899,NA,4.88771326554819,1269.51760314405,1569.28426753969
"317",9.713951,76.682596,"2016-11-12",18.560001373291,0,6111.4450044632,NA,4.5100170220099,1269.51760314405,1573.7942845617
"318",9.713951,76.682596,"2016-11-13",19.1649990081787,0,6130.61000347137,NA,4.06950365921062,1269.51760314405,1577.86378822091
"319",9.713951,76.682596,"2016-11-14",18.5450000762939,3.38505813688408,6149.15500354767,NA,3.83889213165381,1282.51247619092,1581.70268035256
"320",9.713951,76.682596,"2016-11-15",18.6600008010864,1.16279250850372,6167.81500434875,NA,3.72143412880164,1286.83973191679,1585.42411448136
"321",9.713951,76.682596,"2016-11-16",19.3649997711182,0,6187.18000411987,NA,4.43894954607233,1286.83973191679,1589.86306402743
"322",9.713951,76.682596,"2016-11-17",19.3949995040894,0,6206.57500362396,NA,4.36678474221428,1286.83973191679,1594.22984876965
"323",9.713951,76.682596,"2016-11-18",19.2900009155273,0.397065737238822,6225.86500453949,NA,4.45762145180528,1288.60970066488,1598.68747022145
"324",9.713951,76.682596,"2016-11-19",19.0300006866455,0.372134586427219,6244.89500522614,NA,4.08910436998432,1290.13139782846,1602.77657459144
"325",9.713951,76.682596,"2016-11-20",18.2549991607666,0,6263.1500043869,NA,3.92098380272616,1290.13139782846,1606.69755839416
"326",9.713951,76.682596,"2016-11-21",18.9449996948242,0,6282.09500408173,NA,4.07275298244564,1290.13139782846,1610.77031137661
"327",9.713951,76.682596,"2016-11-22",19.1650009155273,0.749332317372321,6301.26000499725,NA,4.39749782370758,1293.42658506334,1615.16780920032
"328",9.713951,76.682596,"2016-11-23",19.25,0,6320.51000499725,NA,4.7208414663168,1293.42658506334,1619.88865066663
"329",9.713951,76.682596,"2016-11-24",18.9150009155273,0,6339.42500591278,NA,4.35167666236709,1293.42658506334,1624.240327329
"330",9.713951,76.682596,"2016-11-25",18.6950006484985,0,6358.12000656128,NA,4.65230200312193,1293.42658506334,1628.89262933212
"331",9.713951,76.682596,"2016-11-26",18.4749994277954,0,6376.59500598907,NA,4.53320293386749,1293.42658506334,1633.42583226599
"332",9.713951,76.682596,"2016-11-27",18.8649997711182,0,6395.46000576019,NA,4.65718702989973,1293.42658506334,1638.08301929589
"333",9.713951,76.682596,"2016-11-28",18.0499992370605,0,6413.51000499725,NA,4.30012387834229,1293.42658506334,1642.38314317423
"334",9.713951,76.682596,"2016-11-29",17.6850004196167,0,6431.19500541687,NA,4.16713628501973,1293.42658506334,1646.55027945925
"335",9.713951,76.682596,"2016-11-30",17.9949998855591,0.217049755970568,6449.19000530243,NA,3.71643135816479,1294.23323558271,1650.26671081742
"336",9.713951,76.682596,"2016-12-01",16.1900005340576,3.47592829693196,6465.38000583649,NA,3.44084093937445,1306.19335196912,1653.70755175679
"337",9.713951,76.682596,"2016-12-02",16.7399997711182,0,6482.1200056076,NA,3.1955400651281,1306.19335196912,1656.90309182192
"338",9.713951,76.682596,"2016-12-03",17.6450004577637,0,6499.76500606537,NA,3.48867224779054,1306.19335196912,1660.39176406971
"339",9.713951,76.682596,"2016-12-04",18.4849996566772,0,6518.25000572205,NA,4.5204754873249,1306.19335196912,1664.91223955703
"340",9.713951,76.682596,"2016-12-05",18.625,0,6536.87500572205,NA,4.64784008963332,1306.19335196912,1669.56007964667
"341",9.713951,76.682596,"2016-12-06",18.4950008392334,0,6555.37000656128,NA,4.30298543521778,1306.19335196912,1673.86306508189
"342",9.713951,76.682596,"2016-12-07",17.789999961853,0,6573.16000652313,NA,4.30385881019661,1306.19335196912,1678.16692389208
"343",9.713951,76.682596,"2016-12-08",18.2649993896484,0,6591.42500591278,NA,4.26843668781067,1306.19335196912,1682.43536057989
"344",9.713951,76.682596,"2016-12-09",18.6699991226196,0,6610.0950050354,NA,4.5301341677083,1306.19335196912,1686.9654947476
"345",9.713951,76.682596,"2016-12-10",18.2850008010864,0,6628.38000583649,NA,4.33603678532575,1306.19335196912,1691.30153153293
"346",9.713951,76.682596,"2016-12-11",18.3349990844727,0,6646.71500492096,NA,4.87755917545645,1306.19335196912,1696.17909070838
"347",9.713951,76.682596,"2016-12-12",18.1750011444092,0,6664.89000606537,NA,4.82521378179942,1306.19335196912,1701.00430449018
"348",9.713951,76.682596,"2016-12-13",16.9649991989136,0,6681.85500526428,NA,2.73860853903403,1306.19335196912,1703.74291302922
"349",9.713951,76.682596,"2016-12-14",17.25,0,6699.10500526428,NA,3.84487586286728,1306.19335196912,1707.58778889208
"350",9.713951,76.682596,"2016-12-15",18.1199998855591,0.276120564031308,6717.22500514984,NA,4.66918545877652,1307.48261009157,1712.25697435086
"351",9.713951,76.682596,"2016-12-16",18.4650011062622,0,6735.6900062561,NA,4.50938972606564,1307.48261009157,1716.76636407693
"352",9.713951,76.682596,"2016-12-17",18.4849996566772,0,6754.17500591278,NA,4.331778436438,1307.48261009157,1721.09814251336
"353",9.713951,76.682596,"2016-12-18",18.4899997711182,0,6772.6650056839,NA,4.65930750743353,1307.48261009157,1725.7574500208
"354",9.713951,76.682596,"2016-12-19",18.3949995040894,0,6791.06000518799,NA,4.40509191182388,1307.48261009157,1730.16254193262
"355",9.713951,76.682596,"2016-12-20",18.6049995422363,0,6809.66500473022,NA,3.78319658833573,1307.48261009157,1733.94573852096
"356",9.713951,76.682596,"2016-12-21",19.1850004196167,0,6828.85000514984,NA,4.53321635706267,1307.48261009157,1738.47895487802
"357",9.713951,76.682596,"2016-12-22",19.0549993515015,0,6847.90500450134,NA,4.62416429954085,1307.48261009157,1743.10311917756
"358",9.713951,76.682596,"2016-12-23",18.3099994659424,0,6866.21500396729,NA,4.52112121601325,1307.48261009157,1747.62424039357
"359",9.713951,76.682596,"2016-12-24",17.8500003814697,0,6884.06500434875,NA,4.85952911574045,1307.48261009157,1752.48376950931
"360",9.713951,76.682596,"2016-12-25",17.8249998092651,0,6901.89000415802,NA,4.68515267410085,1307.48261009157,1757.16892218342
"361",9.713951,76.682596,"2016-12-26",18.1249990463257,0,6920.01500320435,NA,4.74614564472532,1307.48261009157,1761.91506782814
"362",9.713951,76.682596,"2016-12-27",18.9450006484985,0,6938.96000385284,NA,4.56964084116612,1307.48261009157,1766.48470866931
"363",9.713951,76.682596,"2016-12-28",18.8700008392334,0.257357778955749,6957.83000469208,NA,3.81655868704338,1308.46483115852,1770.30126735635
"364",9.713951,76.682596,"2016-12-29",18.6050004959106,0,6976.43500518799,NA,4.31313155899634,1308.46483115852,1774.61439891535
"365",9.713951,76.682596,"2016-12-30",18.0199995040894,0,6994.45500469208,NA,4.56730561451425,1308.46483115852,1779.18170452986
"366",9.713951,76.682596,"2016-12-31",18.0500011444092,0,7012.50500583649,NA,4.67760495902519,1308.46483115852,1783.85930948889
